row,narrative,label
5007,"In XXXX of 2019, Macy 's put a late payment on my account. This was an auto bill pay issue and Macy 's recognized this on their end and said they'd get it removed from my credit report. It's been several months since I submitted my complaint, however the late payment has still not been removed. It's been reported by all three major bureau 's and has greatly lowered my score.",
5009,The company that purchased my home equity load which was discharged through bankruptcy six years ago has contacted me and told me that my debt was satisfied through some government program and that they were sending documents to city register to remove the lien from my property. I had to sign some Dodd Frank form and forward it to them. I did that. This was back in the beginning of XXXX. Since then I have checking acris.nyc.gov website to see if the lien was removed but nothing happens. I have contacted the company numerous times and each time they are telling me that the paperwork has been submitted but nothing happens. I went down to the city department that handles the liens and they told me that it takes 5 weeks to process a record. It has been way longer and I am afraid that this is some kind of scam.,
5017,"See attached forensic mortgage analysis. This is a good example of Mortgage Fraud by a Debt collector pretending to be a mortgage company. This is fixing to end up in Federal Court, Read the Attachment. Color of Law Crimes, Civil Rights Violations RICO, Racketeering. These companies destroyed my family broke apart with the stress, after 25 years. I was put in Default the COVID deferment, they were fined but I never saw a XXXX. The revolution was fought by We The People to gain sovereignty of our land from the British, and our Great Western Experiment, the only one ever in the History of man. Where you did not have to be born into a certain bloodline to not be a XXXX XXXX XXXX. Unfortunately that didn't last long, the American Revolution part 2 ( the civil war ) and we lost. The corporation Started in 1871 in the States called the XXXX XXXX  XXXX XXXX  XXXX XXXX, by the King of XXXX... The truth is there was a Federal Lien when I purchased the place and looks like the title company is about to be in Federal Court also. there is a Federal Lien on every ones property. We all can sue the title companies. This is a fact. read the attachments. XXXX XXXX XXXX XXXX, XXXX, XXXX, XXXX, XXXX XXXX XXXX. XXXX XXXX XXXX XXXX, XXXX XXXX XXXX XXXX XXXX, has no Oath of Office, Ruled against me in these proceedings. case # XXXX,",
5018,"On XXXX XXXX,2017 I saw in TV the commercial of Wetern Union where they offered money transfers in just minutes, and I decided to tried it.I download the app in my phone and I did the transfer for a fee of $ XXXX.What happenned was that my Mom have n't received the money yet, and she has {$0.00} in her bank account, so she ca n't even get medicine or food.How is it possible that they advertise a service that has nothing to do with the reality? My Mom and I were worried from the first day, but we said let 's wait because maybe for being first time users they verified the accounts and the information, but today I checked the bank account and it was still empty.I called them, and they said that the money will be available on XX/XX/XXXX, and they ca n't do anything to help me, just cancel the transaction and wait for the same amount of days to be effective.I explained to them the necessity of my Mom for having the money, and I asked the help of a Supervisor, the person with whom I was talking told me that it is not possible for them to change the transfer once it was made, so I feel very sad and very frustrated because they treated me without any kind of compassion, they simply do n't care.It 's a shame that in this great country things work so bad.",
5019,"Complaint : Credit Balance Refund Repayment VISA Account : XXXX with Elan Financial Service, marketed as XXXX VISA and linked with my XXXX XXXX XXXX XXXX account XXXX XXXX XXXX credit card business partner Elan Financial Services has ignored my specific written instructions, made pursuant to Regulation Z, to directly refund my credit balance to me. Instead, {$47000.00} was transferred to some other financial institution and is now missing. 

In my correspondence with Elan on XX/XX/XXXX, which Elan acknowledged the receipt of in its XX/XX/XXXX response, I stated that : Pursuant to 12 CFR Part 1026 ( 2 ) ( Regulation Z ), I hereby request in writing that the credit balance on my account be refunded to me. Subsection 2 requires : Refund any part of the remaining credit balance within seven business days from receipt of a written request from the consumer ; As of XX/XX/XXXX, however, Elan has reduced my credit balance from my account but is now unable identify where these funds are. I am also unable to find any financial account of mine to which these funds have been credited. I have further contacted XXXX XXXX to resolve this, but they referred the matter to Elan. 
Since XX/XX/XXXX, I have spent more than several hours on multiple phone calls with Elan without any satisfaction. Most recently I was told by an Elan customer service representative they are researching the matter. 

In short, nearly {$48000.00} of my funds can not be accounted for by these firms. 

XXXX XXXX XXXX XXXX XXXX XXXX XXXX XXXX XXXX XXXX, Md XXXX XXXX",
5021,I am completely disgusted on the lack of communication and attention this file has received. I called today to find out if the value is in as it was completed on XXXX XXXX per the listing agent and I was told by customer services there was just a note in the system as of XXXX XXXX about loan modification. The opt out for the loan mod was even confirmed received by and confirmed by Supervisor XXXX XXXX on XXXX XXXX and XXXX XXXX stated on XXXX XXXX the file was assigned a short sale negotiator. I have had ZERO communications for said negotiator and this file has experienced one delay after another and it is completely unacceptable. The offer and complete packet were submitted over 80 days ago and there has been zero progress. It takes 5 outgoing emails to XXXX XXXX to receive a one sentence vague response. There is no excuse for the level of service that this file has endured.,
5023,"Hello, I am disputing a frivolous collection account that is appearing with the credit bureaus from the company Credit Collection Services. I have sent a few letters ( 5 ) to be exact to the frivolous company and the credit bureaus. The bureaus have failed me and violated FCRA. My most recent letter dated XX/XX/15 ask the said company to validate this irroneous said debt. Credit Collection Services sends a bill. A freaking bill anyone can type up a bill, this bill absolutely does NOT suffice. I specifically asked for a contract with my signature. This agency didnt provide the request validation per the FCRA within the 30 days. Violation to FCRA. Violations as me being a XXXX woman in America trying to survive. I am so shocked that these companies can place frivolous accounts and the bureaus allow this. I am demanding this account be removed in its entirety and completely from all the bureaus.",
5033,"I did own a XXXX XXXX, I had a XXXX  with a XXXX  which messed up the power steering system, I told a customer service representative about the issue, waiting for the insurance claim to come back so I could get the account up to date, the customer service representative didnt care, basically told me it wasnt their problem and I still had to pay the bill",
5035,"This is my final follow-up dispute regarding the inaccurate accounts you continue to report. 

Despite multiple disputes, you have failed to act in accordance with the law and continue to report this false and damaging information. It is important to highlight the inaccuracies, proving that your reporting is not only incompetent but also unfair, inconsistent, and harmful.",
5036,"Portfolio Recovery reported a debt on my credit report without any prior communication. I received no dunning letter, phone call, text, or email before they reported to the credit bureaus. 

This violates Section 1692g of the Fair Debt Collection Practices Act ( FDCPA ), which requires debt collectors to send a written notice within 5 days of initial communication.

This unauthorized reporting has negatively affected my credit score and financial standing.

I request that Portfolio Recovery remove this entry from my credit reports and provide proper validation of the debt as required by law.",
5037,"American Express has repeatedly denied my eligibility for the SCRA and XXXX as an XXXX XXXX service member. Beginning in XXXX of XXXX  I was charged with annual fees on my credit card. Since my initial membership with American Express Ive always been verified as SCRA and XXXX eligible, therefore I inquired about the charges and had no result with American Express. I have paperwork stating I am eligible from the Department of Defense. Theyve repeatedly rejected the paperwork and have said they would send an application on XXXX and XXXX XXXX. On XXXX XXXX, I inquired about my application and there was nothing submitted. 
This was the 5th application to submit for eligibility and American Express fails to submit the application after various phone calls and attempts via their chat support. Every time I bring up the difficulties they say I have to submit the application through them but Im always left with the same result. This is a blatant violation of the SCRA and XXXX.",
5039,Opened up a business account XXXX XXXX XXXX XXXX XXXX ) with Bank of America in XX/XX/year> and the nature of my business is that I XXXX XXXX XXXX XXXX XXXX XXXX XXXX XXXX XXXX XXXX we had a large wire deposit from frontier title group for a closing that took place regarding a property that we sold and the account was perfectly fine. We then recently had another closing for $ XXXX from the SAME title company and according to the bank they are stating that the last wire was fraud or appears to be fraud. They didnt send any notification or warning regarding the account. So with that being said they decided to close the account and are refusing to release our funds. The account has over {$50000.00} in it and it is causing a huge hardship on not only my business but heaXXXX XXXX XXXX XXXX XXXX XXXX and need my funds to go through every day life. Ive expressed to this to branch and XXXX department and nothing seems to be working. They are claiming that the account will be closed on XX/XX/XXXX and can not wait till then to receive my money that Ive worked hard for. Please resolve this! Thank you.,
5040,"In XX/XX/2022 we received notice from XXXX XXXX  that out mortgage was being transferred to Mr Cooper. We contacted Mr Cooper in late XXXX since we had not received any paper work from them. We were told that no payment would be due in XXXX. In mid XXXX we received a letter dated XX/XX/2022 welcoming us. On XX/XX/XXXX I received a notice from Mr Cooper that payment was due on XX/XX/XXXX but it was for twice the amount normally due. Since we were told by Mr Cooper that no payment was due in XXXX, we used that money to pay down our credit card. My wife contacted Mr Cooper to resolve and was told that all they could due was a pandemic forbearance but that all the money would still be due on XX/XX/XXXX. I called the next day and spoke to a supervisor. I explained the situation. He admitted to employee incompetence and said he could fix it. He said he could move the payment from XXXX to the end of the loan. Unfortunately that did not happen. Today I called in again and was told moving the XXXX payment to the end of the loan was impossible.",
5052,"On or around XXXX I received a correspondence in the mail from RAGAN & RAGAN, P.C. regarding an alleged debt from a debt purchaser. I sent the following correspondence and RAGAN & RAGAN P.C., failed to provide the requested documentation, instead they continue harassing me, communicating with me despite not having permission to communicate with me, failed to provide required documentation pursuant to the fair debt collection practices act.",
5057,Wells Fargo has been taking my monthly payments and applying these payments to my Chapter XXXX. Why I Say as I am now in the hole due to their taking money that should have been applied as payments to my mortgage and not my ChapterXXXX.,
5061,"b'On XXXX XXXX XXXX, I sent XXXX  XXXX  through Wise to my recipient in XXXX (XXXX  XXXX XXXX XXXX XXXX XXXX XXXX XXXX XXXX XXXX XXXX). The transfer was processed and an XXXX  confirmation was issued, but the recipient never received the funds.\n\nI reported the problem to Wise multiple times (XXXX XXXX). Wise attempted a recall in XXXX, which failed in July because the recipient bank did not respond. On XXXX XXXX XXXX, Wise issued a final response letter claiming I admitted to providing incorrect recipient details. This is false  I never stated that, and the recipients bank instructions confirm the details were correct and match XXXX XXXXOn XXXX XXXX XXXX, I disputed their conclusion in writing and attached evidence (XXXX, Wise transaction screenshot, recipient banks official payment instructions). I requested (XXXX) a full payment trace, (XXXX) evidence of their claim that I admitted giving wrong details, and (3) escalation with their correspondent bank.\n\nWise has not provided the requested information. By XXXX XXXX XXXX, they had failed to respond to my dispute or produce any evidence.\n\nI am requesting CFPB assistance to require Wise to provide a complete trace of the funds, substantiate or correct their claim that I admitted providing wrong details, and resolve or refund the missing transfer.'",
5062,"Recently I was applying for a mortgage and discovered I had a {$200.00} collection for a PAID medical bill with XXXX XXXX CLIENT # XXXX, XXXX # XXXX. 

I paid {$200.00}. My insurance paid {$160.00}, therefore, the bill was overpaid. I was refunded {$160.00} AND XXXX put me in for collections with SCA Collections Inc -- XXXX NC. XXXX.",
5063,"I opened an account with Gemini trading app and bought a digital currency trough their app. They even took the money out of my bank account. And after taking the money out of my bank account, they just desactivated my account for no reason. I emailed them several times but no answer and I cant widraw my money either. I have {$1000.00} in the account.",
5065,"I am writing to express my concerns regarding Zelles handling of disputes. Particularly in light of the recent CFPB lawsuit, highlighting significant issues with the platform despite using Zelle numerous times and reporting discrepancies my financial institution and they failed to investigate my claims adequately they told me that recovering lost funds was impossible and the tracking these transactions was unfeasible. The CFPBs findings indicate that Zelle has not only neglected to protect customers but has also allowed repeat offenders to exploit the system leaving users vulnerable to scams. This lack of accountability and transparency is unacceptable and raises serious concerns about customer safety.",
5066,"IQ Data International Inc reported to the credit bureaus that I owe {$4400.00} to XXXX XXXX XXXX  TX. They did not contact me at all, and decided to report this under collections. I'm a victim of an identity theft and have never lived at that apartment. My lawyer has sent them a letter in XX/XX/2024 including my police report and Federal Trade Commission report. As of today my lawyer did not hear from them.",
5071,"A bankruptcy is on my report from all 3 bureaus, Experian, XXXX and XXXX and possibly XXXX XXXX ... .... Permission for the said bankruptcy was not authorized by the courts to place on my personal credit reports. Asked them to remove it and they response was "" VERIFIED ''",
5077,"- as per complaint XXXX, I tried to transfer $ XXXX from Goldman Sachs account XXXX to XXXX XXXX account. 
- TRANSFER WAS COMPLETED ON XX/XX/XXXX and FUNDS CLEARED and were delvered to my XXXX XXXX account - GOLDMAN SACHS recalled funds from XXXX  to Goldman Sachs on XX/XX/XXXX for no reason - They refused to "" authenticate me '' and in XX/XX/XXXX I was told that "" a supervisor would call me in 3-7 days '' - no supervisor ever called, of course - ON XX/XX/XXXX XXXX tried to transfer funds from Goldman Sachs to my account ending in XXXX at XXXX XXXX- The funds cleared into my XXXX XXXX account. On the day that they cleared, XXXX XXXX transferred funds from XXXX into another account - On XX/XX/XXXX, Goldman Sachs recalled the funds AGAIN resulting in a $ XXXX overdraft at XXXX XXXX in XXXX account!!! 
- I called XXXX XXXX and they confirmed that all transfers that I made had CLEARED SUCCESSFULLY before Goldman Sachs recalled the funds - XXXX XXXX also verified that transfers had been made successfully between Goldman Sachs and my XXXX XXXX account numerous times over the past few years- I am NOW BEING CHARGED OVERDRAFT FEES AT XXXX XXXX BECAUSE MARCUS IS TRYING TO CALL THE FUNDS BACK!!!!!! This overdraft situation began today, XX/XX/year>. 
- PLEASE HELP ME!",
5082,"I am reaching out to express my concerns about how Zelle handles disputes, especially after the recent CFPB lawsuit that pointed out critical issues with the platform. Despite having used Zelle multiple times and raising concerns about certain transactions, my bank and Zelle did not properly investigate my claims. They told me that it was impossible to recover lost funds and that tracking these transactions couldn't be done. According to the CFPB 's findings, it seems that Zelle not only failed to protect users but also let repeat offenders misuse the system, making users susceptible to scams. The system 's lack of accountability and transparency is deeply troubling and poses serious questions about consumer security.",
5088,"Without notice, explanation, or legal authority, Caliber claims that I owe them more than {$2000.00} in escrow arrears. Any shortage is the direct result of Caliber 's failure to adequately prepare for the XXXX 2017 annual property tax bill. Now, due only to Caliber 's error, Caliber has unilaterally increased my monthly mortgage by more than {$200.00} per month. This is a more than 10 % increase.",
5095,"I recently opened a line of credit with a company called XXXX. They transferred my loan to Monterey financial. My first payment of {$130.00} was due on XX/XX/23. I set up recurring payments on XX/XX/23 to have the bill paid monthly on the due date and have the email for reference. On XX/XX/23 I checked my checking account and they took out the {$130.00} as well as an additional {$120.00} without my approval. When I visited my Monterey financial account, they did not have any payment history available for me and it now is reporting my account is past due {$250.00}. I attempted to contact them with no success. Their lending practices are predatory in nature and based on multiple reviews I can see I am not the only person with issues with Monterey financial.",
5100,"Recently found out that XXXX credit cards were opened under my name without my knowledge. Noticed when I did a credit report. 
XXXX ) XX/XX/XXXX American Express card opened, Card closed XX/XX/XXXX XXXX ) XX/XX/XXXX XXXX XXXX XXXX XXXX opened, Card closed XX/XX/XXXX. 
XXXX ) XX/XX/XXXX XXXX XXXX XXXX opened, closed XX/XX/XXXX XXXX ) i opened XXXX XXXX  XXXX XXXX, XXXX. Multiple charges charged to this card without my knowledge All of this activity was done by wife who used my SSN and other personal information to open these accounts All documentation is in my credit report as well as a communication between a customer service person at XXXX and someone representing themselves as me.",
5102,"This is a debt for a vehicle of mine that was repossessed around XXXX, the car was then sold by the company and there was a balance not the amount they are saying it is for, and that balance was paid through a representative over the phone. Fast forward to XX/XX/XXXX I out of nowwhere received an email from my employer about a garnishment for an obscene amount. I contacted the attorney for the debt collection and requested to dispute this garnishment/collection and they stated they would send out documents to get this disputed, XXXX weeks from then I have yet to receive those documents and I called and they are saying they don't know when it will be sent out, but there is a note on the account. Meanwhile I am get over XXXX XXXX dollars taken out of my salary illegally while they give me the run around on sending what I need to get this disputed. Its just crazy when things are already bad. Not to mention this debt is over over XXXX XXXX XXXX.",
5103,I am filing a complaint regarding an inaccurate and re-reported collection account. Jefferson Capital Systems is currently reporting a XXXX collection account on my credit report. This same alleged debt was previously reported by XXXX XXXX and was removed from my credit file. The reappearance of this account under a different collection agency is misleading and raises serious concerns about the accuracy and validity of the debt. I have not received proper validation of this account from Jefferson Capital. This appears to be a duplicate or re-reported account that should not be on my credit report after prior deletion.,
5104,"We opened a construction loan with a float down to conventional mortgage in XX/XX/XXXX. The financial institution was Banner Bank in XXXX Washington. Due to frustrations and poor customer service, we paid off the loan and moved the balance to another institution on XX/XX/XXXX. 

We prepaid inspection fees totally {$1200.00} and only {$600.00} of that was recorded against the escrow. As of XX/XX/XXXX we haven't received the {$610.00} refund or any explanation where the funds are. We've asked repeatedly, via phone calls and emails for a reconciliation and receive no response from the department responsible for the funds.",
5106,"My name is XXXX XXXX an im submitting this complaint for myself an there is no third party involved. I am writing to delete the following information in my file. The items I need deleted are listed in the report. 
I am a victim of identity theft and did not make the charge. I ask that the items be deleted to correct my credit report. 
I reported the theft of my identity to the Federal Trade Commission and I also have enclosed copies of the Federal Trade Commissions Identity Theft Affidavit. Please delete the items as soon as possible.",
5107,"I have asked for Source receivables management to provide Forward flow agreement, debt validation, original document with dates and amounts owed with my signature.

USC 1681i ( a ) ( 6 ) ( b ) ( iii ) states I am entitled to 1 method of verification 2 description of procedure 3 proof of documentation during investigation that proves accuracy to consumer report. 5 business days or items must be removed from consumer report and all credit reporting bureaus.",
5109,"I am invested in a XXXX XXXX XXXX, XXXX XXXX XXXX XXXX, XXXX Texas. They were returning my investment via Wire Transfer from their account to mine via XXXX XXXX ( their bank ) via Chase into XXXX XXXX, where my account is- under the name of XXXX XXXX XXXX, XXXX. The original wire was made XX/XX/XXXX ( see attached IMAD # ) but the wire issuer made a single digit mistake - making the first digit a "" XXXX  '' instead of a "" XXXX  '' - which stopped the wire. We attempted to contact CHASE who received the wire, but repeated phone calls and emails to Chase 's wiring department went unanswered - phone calls said "" because of XXXX, then hung up '' every single time. We had no way to contact them. On behalf of myself, the recipient of the funds ( {$23000.00} ), XXXX XXXX initiated a recall on XX/XX/XXXX furthermore I contacted CHASE where I have a credit card and they said they could do nothing. Since our recall, neither XXXX XXXX, XXXX XXXX, XXXX XXXX or myself have gotten no response. If we call they have a recording "" because of XXXX we can't take this call or something to that effect '' - and hangup. As we approach the holidays, it's going on 90 days and it is now creating significant hardships and we see no alternative but to write the CFPB as Chase will not return my money and there is no other recourse. Please see the attached two documents that show the initial WIRE AMOUNT - the mistaken Account # ( XXXX XXXX not XXXX XXXX ) and the IMAD # of the wire made. CHASE Is holding my money and will not give it back or communicate. The recall on XX/XX/XXXX has done nothing. In addition, XXXX XXXX below ) also made a second wire for {$10000.00} I believe, which they are also in possession of and will not return. 
Please email me if questions XXXX or call XXXX XXXX XXXX XXXX XXXX - key contacts involved are below. 

Cc : XXXX, XXXX XXXX XXXX XXXX XXXX XXXX XXXX XXXX XXXX | XXXX, WA ( XXXX ) XXXX XXXX XXXX XXXX XXXX XXXX XXXX XXXX XXXX XXXX XXXX XXXX XXXX XXXX TX XXXX XXXX",
5110,"In XX/XX/scrub> 2023 my identity was compromised and unauthorized cryptocurrency transactions of about {$8000.00} posted. With added fees/interest the reported balance is now over {$10000.00}. I reported the fraud and provided a police report, FTC Identity Theft Report, ID, and proof of address. Discover refused to reverse the charges, restricted my account access, and then charged off the account while continuing to furnish delinquencies based on those unauthorized transactions.

Under the Truth in Lending Act ( 15 U.S.C. 1643 ) and Regulation Z ( 1026.12, 1026.13 ), my liability for unauthorized use is limited and the issuer must reasonably investigate and correct billing errors. Discover has not done so and the inaccurate furnishing is causing ongoing credit harm. I am requesting CFPB intervention.",
5113,"We have our home mortgage with Chase, and our home insurance with XXXX. Mechanically, we make payments to Chase for our mortgage, together with our home insurance and our property taxes- in a typical escrow set up. 

This summer we received a notice from XXXX that our house insurance had not been paid, and that it would - as a result - be cancelled. I called XXXX on the date that we received the letter, and confirmed that XXXX had not received payment from Chase. I then called Chase and confirmed that we were up to date on our mortgage payments. 

Chase 's explanation was that a "" batch cheque '' was sent to XXXX which included our payment along with a huge number of other people 's payments and that there must have been a delay in that process. Chase confirmed that they would make a direct payment for our home insurance, that XXXX would receive it within XXXX business days and that there was a grace period such that there would be no gap in our home insurance coverage. 

I thought it was resolved. 

Then, XXXX days ago I received another letter from XXXX with a refund cheque confirming that our policy had been cancelled and that the refund was in respect of a payment that was received after our policy had been cancelled. 

I spoke to XXXX, and they are cancelling the refund cheque and re-instating our policy. However, I had to confirm that nothing had happened at the house that would give rise to a claim in the period of no insurance ( XX/XX/scrub>XXXXXXXX XXXX XXXX XXXX XXXX XXXX XXXX ), and confirm that I understood that I could not make a claim for anything that happened in that period. 

So there was a XXXX month period where if something had happened to our house, it would not have been insured- even though we've never missed a payment and I called to correct the problem ( created by Chase ) on the day I received the letter.",
5117,"I am submitting my 5th follow-up dispute regarding the continued inaccurate and unverifiable reporting of multiple accounts on my Experian and TransUnion credit reports. Specifically, XXXX XXXXXXXX XXXX XXXX XXXX XXXX XXXX XXXX XXXX XXXX XXXX is reported with a balance of {$19000.00} on both Experian and TransUnion, and XXXX XXXXXXXX XXXX  is reported with a balance of {$300.00} on Experian. Despite multiple prior disputes, these accounts remain inaccurately reported, causing ongoing misrepresentation of my credit history and negatively impacting my creditworthiness. 
The reporting of XXXXXXXX XXXX XXXX XXXX XXXX XXXX XXXX XXXX XXXX XXXX XXXX violates FCRA 611 ( a ) 15 U.S.C. 1681i ( a ), FCRA 623 ( a ) ( 1 ) ( A ) 15 U.S.C. 605B / 15 U.S.C. 1681c-2, and FCRA 607 ( b ) 15 U.S.C. 1681e ( b ), as no 1099-C has been issued for this debt and the balance is unverifiable. The continued listing of this account as a charge-off is false, misleading, and clearly fails to comply with the requirement to maintain maximum possible accuracy in my credit reporting. 
Additionally, the account XXXX XXXXXXXX XXXX violates FCPA 807 15 U.S.C. 1692e, FDCPA 809 15 U.S.C. 1692g, and FCRA 623 ( a ) ( 1 ) ( A ) 15 U.S.C. 605B / 15 U.S.C. 1681c-2, as it is reported inaccurately, with unverifiable balance information, and without proper validation or verification from the furnisher. Its continued presence on my Experian report is misleading, misrepresents my payment history, and may result in harm to my ability to obtain credit fairly.",
5121,"I had a real estate lawsuit in XXXX and my attorney representing me was XXXX XXXX from XXXX XXXX XXXX. On XX/XX/XXXX, I hired XXXX XXXX, who I never met. 
This lawsuit had a pooXXXX XXXX writen by an unlicensed closer and this caused many problems. 
We filed a letter of cancellation for a contract for deed. XXXX XXXX never filed that cancellation. Instead XXXX XXXX, put together an unauthorized settlement agreement and I got a Judgement instead. Also, deliberately overcharged me for work never finished and used XXXX attorney to help XXXX XXXX increase exaggerated charges ( {$65000.00} for 2 months of work ). 
The invoice was so high, I had no more money to pay XXXX XXXX, so I discharged XXXX, but no attorney would deal with this lawsuit, so I lost ownership in my commercial building. 

Complaint- I called XXXX XXXX Bank credit card services on XXXX XXXX that I wanted to make a dispute because of all the overcharges. XXXX XXXX Bank told me that US Bank owned the account and had to WAIT until the merger was complete and a statement was visible. This was not true. I still had to deal with XXXX XXXX Bank not US BAnk like I was told. With the XXXX, riots in XXXX, XXXX I live and other things, it was diffecult to keep track the merger. The merger when through and I called again to dispute the law firm charges. A XXXX XXXX Bank representive told me that a check would be arriving in XXXX business days. After XXXX days, I called back and was told I was pass the time frame that cardmember service allowed for a dispute credit. I had to pay this law firm {$16000.00} for work never performed. This mishap was not my fault! 

XXXX XXXX my credit card dispute for {$16000.00}. Again, I did try to be within the time limit, but the time was not long enough with that merger confusion and all the commotion going on. 

Sincerely, XXXX XXXX",
5122,"Hi, I've made a wire deposit from XXXX XXXX XXXX to Coinbase ( XXXX XXXX XXXX   ) on XX/XX/XXXX amount of {$25000.00}. However, the amount is still not showing up on my Coinbase account. I've called the XXXX XXXX XXXX  customer service and they told me that $ XXXX has been deposited to Coinbase on XX/XX/XXXX. I've contacted Coinbase several times in many ways but have not heard anything from them yet. 
For me, this is a large amount of money and I am very concerned about this issue. Could please please help me on this issue? I really want to know what is going on with my money? Below are the details of my transaction. Please let me know if you need anything else. 

Thanks for your help in advance! 

- Amount : {$25000.00} - Date sent : XX/XX/XXXX - Name of sending bank : XXXX XXXX XXXX - Personal name : XXXX XXXX - Email on Coinbase account : XXXX - Reference # : XXXX XXXX XXXX numberXXXX",
5125,"My mortgage company is Franklin American Mortgage. I have filed at least XXXX modification request with the company and each time they respond I do not "" qualify '' because I do not make enough. I lost XXXX % of my income and my husband abandoned the residence almost 2 years ago. I am now divorced and have a true Hardship. They have wasted months "" reviewing the documents '' then they tell me to resubmit them because they expired only to say NO again. The company should be audited as they lie to you each time you speak to them. I do not believe they are compliant with the FHA programs in anyway. Never trust this company.",
5130,I discovered that some of the information on my credit report was incorrect when I reviewed it. Sections 609 ( a ) ( 1 ) ( A ) and 611 ( a ) ( 1 ) require the Experian and Transunion credit bureaus to validate these accounts ( A ). It is not permissible to fail to validate these reporting accounts as unverified information without providing any proof within the time frame specified by law. My credit report includes the following erroneous information that needs to be investigated and correct : XXXX XXXX  XXXX Balance Owed : {$35000.00} XXXX  XXXX Balance Owed : {$1700.00} XXXX XXXX  XXXX Balance Owed : {$35000.00},
5132,"On XXXX, my husband and I reported a rude and unprofessional customer service experience via the online Bank of America feedback inquiry regarding the Bank of America Branch ( XXXX XXXX XXXX, XXXX, CA ) in which my husband was denied the ability to withdraw {$70.00} from our checking account ( my husband is a noted account owner ). The teller had withdrawn the money from the account after my husband was PIN verified. However, refused to give my husband the withdrawal, insisting that he prove himself by showing his ID. Ironically, my husband was able to complete this transaction at another BOA branch in XXXX. 
On XX/XX/XXXX, I received an email from XXXX XXXX indicating she would be contacting me on this day. I personally left a voice-mail with XXXX indicating my availability. On XX/XX/XXXX, my husband visited the BOA branch ( XXXX XXXX XXXX XXXX to withdraw from the ATM. A message at the ATM displayed, "" Card not available for use. '' Upon going into the banking center, my husband was informed by the teller that the "" debit card was cancelled '', providing no specific reason. After speaking with BOA representative, XXXX, via telephone, I was personally informed the debit cards for both my checking accounts were canceled for "" fraud impersonator '' by the local BOA banking institution in XXXX on XXXX. As a result, we were left without access to our funds ( checking, savings ). I was never notified ( via phone, text, email, letter of notification ) of this cancelation until we personally tried to make a withdrawal on XX/XX/XXXX. As a result, we've had to reorder all debit cards, which will be a XXXX business day wait time. In the interim, my husband and I have been victimized by the unprofessional and unethical behavior or Bank of America. Additionally, I have not received any correspondence from XXXX XXXX. We truly appreciate your assistance in this matter.",
5134,"I always pay my mortgage on time. Yesterday I received an email from my home owner 's insurance that I was no longer insured. Apparently my mortgage lender didn't pay them. I find this unacceptable. How can a company expect me to pay on time every month, when they can't even do the same? Now I'm left vulnerable if there's any catastrophe involving my home? I would appreciate it if this matter was resolved in a timely manner.",
5136,"This Mortgage Company XXXX keeps harassing me over and over and over again AND KEEPS LEAVING ME VOICEMAILS, This just happened again today XXXX and has been going on for months. It is a Robo call saying that they are from XXXX XXXX  XXXX. I have called them and asked them to take my phone number off there system. They responded that it is MY PROBLEM. The number that they calling from is XXXX in XXXX.",
5139,"On XXXX I ordered a product from XXXX, On that same day I cancelled, however I was informed the product was already sent out ( XXXX XXXX supply ). My payment method was through XXXX. I have spent the last XXXX XXXX trying to resolve this matter with XXXX. They indicate they paid the full amount and there was no refund from the vendor. However XXXX advertises, cancel anytime and money back. Now XXXX is stating there is no account for me, how does that happen when XXXX indicates they paid the full amount. To date I only received XXXX shipment, yet they want me to pay the full amount for something I never received. XXXX or the collection company will not provide me with documentation.",
5147,"received a letter dated XX/XX/21 from synchrony bank telling me that they reviewed my account after it has been opened for over a year, telling me that the decided to close my account based on the amount of inquires on my credit report, not enough available credit on revolving accounts, lack of first mortgage account information. 
this is detrimental to my credit report and I never requested this account to be closed",
5152,"I am filling a complaint against cashapp ( Block , Inc ) due to inadequate customer service and unfair practices, which violate the consumer financial protection act ( CFPA ). Specifically, cashapp failed to take timely an effective measures to prevent and address fraud on their platform, leaving my account vulnerable and unprotected.Furthermore, their dispute process was unfair and deceptive, as they did not comply with error resolution requirements under the electronic fund transfer act ( EFTA ) and regulations E. These actions have caused significant inconvenience and financial loss, and I seek appropriate redress for those violations.",
5155,"XXXX XXXX XXXX XXXXXXXX Subject : Ongoing Failure to Apply Amex XXXX XXXX XXXX Dear CFPB Officer, I am an American Express XXXX cardholder entitled to the $ XXXX monthly XXXX XXXX credit . While Amex states this credit is applied on the first of each month, I have never seen it reflected in my XXXX or XXXX XXXX account. For the past XXXX months, the XXXX team manually provided the {$15.00} as a favor after I called ( First call was on XX/XX/year> and the second call was on XX/XX/year> ). However, they explicitly informed me that these manual adjustments are not part of the Amex benefit and can not be guaranteed every month. I have attached a screenshot for your review. This screenshot was taken on my XXXX account under Wallet>Deals & Rewards. As you see in this screenshot, the system assumes that I am receiving the {$15.00} XXXX cash credits. However, XXXX XXXX received XXXX amount is {$0.00}. As of today, XXXX XXXX, if their system showed the correct amount, XXXX would have been {$45.00}. This is the problem that I have been trying to explain since XXXX months. Despite both Amex and XXXX having open cases, after XXXX months, there is still no resolution ( my last call was on XX/XX/year> ). I am missing my promised benefit, and I can not continue calling both companies every month. They keep transferring the issue to one another and I am genuinely tired of following up constantly. I request immediate action to ensure the credit is automatically applied going forward, as originally promised. Sincerely, XXXX XXXX",
5157,"I was contacted about this debt back around XXXX. I stated then that I was n't aware of this debt and requested information that was never received. It is now 7 to 9 years later ( beyond collections statues ) and I 'm being harassed again via phone calls and mailed letters for money in the amount of {$12000.00} for a debt with XXXX  XXXX XXXX and Velocity Investments , LLC. The letter states the principle balance is {$7200.00} and Interest Balance of {$5200.00}. 

Please provide documentation as well as check the FDC status.",
5159,"i am a consumer by law. i did not submit this in error. 
Experian did not have my explicit written permission to report my private information. I'm seeking compensatory damages and asking for my private information to be deleted.",
5169,"I was out of the country for three months from XX/XX/XXXX to XX/XX/XXXX for family emergency. 
When I came back, my debit card is not working. I went to the bank of america on XX/XX/XXXX and I ask them why is my debit card not working. They told me, my bank accounts are frozen because of suspicious activity. My all money in the account is not there. And I immediately claimed those withdrawal are not mine. 
These is for sure fraud to my account. I notice the scammers fraud my bank. I report to federal trade commission someone is using my personal information and I let them know. 
I lost from my saving account XXXX dollars and checking XXXX dollars. I'm very disappointed by this situation. I can't pay my rents and it's ruins my life so bad. 
After all investigation, from the bank they are saying, the charges are made by you or by someone who has permission to use the card. I do not authorized any one. I don't lost any card or Id either. This is like covering up the situation for me. This is totally unauthorized debit transaction.",
5175,"I have called chase several times requesting a wire fraud scheme of {$16000.00} dollars sent to an XXXX XXXX who was then sent to a XXXX XXXX. 

I sent them money for and XXXX verification badge in XXXX of 2022. As of today I have been blocked on all platforms and denied a refund for the service that was never rendered. When I opened a wire recall withdrawal and spoke with representatives they said it was up to who I sent it to. 

I spoke to XXXX several times who begged me to cancel it and he would help me retrieve my money. That never happened. So I have been defrauded of {$16000.00} and many others have been as well. I will attach the links below. 

I tried to escalate this with chase and they essentially told me tough luck. 

I want a solution to this. I filed a complaint with the ftc and fbi as well XXXX XXXX XXXX XXXX XXXX XXXX XXXX XXXX XXXX XXXX XXXX XXXX XXXX XXXX XXXX XXXX XXXX XXXX",
5183,"STOP XXXX CONTACTING ME XXXX XXXX IN DAMAGES FOR THE EMAIL ON XXXX OF XXXX. 

NELNET, STOP COMMITING FRAUD AND LABELING THESE COMPLAINTS AS DUPLICATES. THEY ARE ABOUT SEPARATE COMMUNICATIONS AND ARE NOT DUPLICATES OF EACH OTHER. THEY RESULT IN SEPARATE AND ADDITIONAL DAMAGES.",
5186,"I have filed multiple disputes with current since XXXX. Current is quick to close any dispute without providing true evidence in relation to their denial. Both of my last disputes were with the same merchant XXXX and when the disputes were filed I provided a direct email from the merchant stating that while they were unable to process refunds current should go ahead and initiate chargebacks for the amounts. While the merchant agreed I did not initiate the purchases current refuses to initiate chargebacks. They fail to respond to any email in relation to these disputes, and fail to provide DOCUMENTATION as to why they have denied the disputes. Rather currents one response which took 2 weeks to receive was a generic outline with no documentation attached. Current fails to adhere to basic banking guidelines, fails to use customers evidence when conducting disputes, and fails to respond to customers in their own time allowed. Their emails state a response within 24 hours and this never happens. Their support claims a response in 5-7 days which also never happens. Id like current to actually do as the merchant has stated and initiate chargebacks on all charges.",
5198,"Inquiries continue to pop up. I admit are not mine. I would want deletion from this. It is affecting me. Dates are listed on credit reports. 
XXXX  shows XXXX XXXX twice. XXXX. XXXX XXXX, XXXX XXXX and all others that show on XXXX and XXXX XXXX where i sent the uploads. I had open and closed a credit card with XXXX XXXX and claed the account due to loss of job and months later i notice two inquires for the same credit card service i didn't apply. I spoke with someone and they where not able to tell me why they are inquiries on my account. I ask for deletion and was advise no.",
5209,"On XX/XX/22 I entered the bank at XXXX XXXX XXXX, XXXX, TN XXXX to deposit {$5000.00} in cash that I had withdrawn from my personal account at XXXX  XXXX XXXX. I ensured that I had the receipt b/c on several other occasions First Horizon has refused to take a deposit from my husband for a dividend check from his mom of {$21.00}. Interestingly, my husband has been a client for this bank for over 40 years and his mom for over 60 years as well my husband has approx. $ XXXX so what is the risk. Today, however I attempted to deposit $ XXXX cash into a joint savings account with my husband and was asked for my SSN and where I worked. I did not throw a fit mostly b/c the teller was just doing her job but this bank seems to go over and beyond what would be considered legal. I am concerned that these decisions are racially motivated except for the fact that some of these policies are being enforced by people of XXXX. Enough with this bank!!!",
5210,"I found out my federal student loans were forgiven in XXXX, XXXX from Mohela. On the notification I was told I was owed {$2100.00} because the loans were actually forgiven in XXXX, XXXX so I overpaid. 

The letter said to call to verify my address, which I did XX/XX/XXXX. At that point I was told it would take 2 months. I called back after the 2 months ( XXXX, XXXX ) was up and was told it takes 3 months. Once the third month passed, I made MULTIPLE calls, sat on hold for hours, and kept getting told they could do nothing. 

XX/XX/XXXX I demanded to speak to a supervisor, which I did. XXXX the supervisor said he figured out the problem and my refund would be on the way, but could not tell me how long this would take. In XXXX, XXXX, which was again 3 months since I spoke to XXXX, I called back and was told the final review was XX/XX/XXXX and it was approved. 

Today 's date is XX/XX/XXXX and I still do not have my refund, a year later. 

This has been the most frustrating experience. The hold time with Mohela is unreal, only to find our they can not help me. 
I was given this website to help get my refund and hopefully help myself and others get the refund deserved. 
Thank you. 
XXXX XXXX",
5212,"I recently reviewed my credit report and noticed an account that was not reporting accurately, I had a few late payments on an account that I was in fact paid on time. The consumer reporting agencies need to report all information with complete accuracy. This account has not been late on payments I've attached a copy of my report to this complaint on the following dates XX/XX/year>2025 I'm now requesting you investigate this account and update these payments to paid on time immediately. Thank you for your understanding and prompt action. 

SEE ATTACHED.",
5215,"Applied for a US Bank credit card, co-branded with XXXX XXXX a few weeks ago. Just got the card a week ago and now they are stripping the most valuable benefit from this card. The benefit ( a free night on any reservation ) is still on their website and advertized to people who sign up. I find this extremely unethical and dishonest. All they offered to do is close the card, but my credit report has already been pulled and is now worse than it was before opening this card. In addition, while talking to them, their agents constantly lie and evade questions.",
5219,"I applied for a XXXX XXXX XXXXXXXX XXXX XXXX on XX/XX/XXXX, and was approved for {$3000.00}. However, I never received the card or statements. After 30 days, I called and my account was locked for verification. I sent my SSN as requested, but they claimed they never received it. Despite providing the info, I still couldnt access my account. On XX/XX/XXXX, I received a notice saying my account was closed, and I owe interest and late fees on an account I couldnt access. They do credit cards with Comenity Bank ( Bread Financial )",
5221,"I made a payment from my XXXX account to my American Express credit card on XX/XX/XXXX for {$600.00}. Generally, XXXX offers the option to issue the payment as either a Wire Transfer or a Real Time Payment. For some reason, their mobile app automatically routes the transaction through the Real Time Payment network, so my payment was issued as an RTP, which according to XXXX, is settled immediately. On the American Express side, they claim that they can not locate the payment and asked for a document providing confirmation of the settled transaction, which they provided. Now, American Express says that the funds were returned to XXXX on XX/XX/XXXX, but XXXX can not locate the funds on their end, stating the following : "" Please provide a tracking number or reference number for the return of the funds. We can not locate the funds without a reference number. Please note, the reference number listed in the letter from American Express is their internal case number, not a number related to the transaction. '' On XX/XX/XXXX, American Express provided a reference number that XXXX claims they can not use to locate the payment. I need one of the 2 banks to take accountability and return my funds.",
5242,I contacted Chex Systems in order to get my information out of Chex systems. They have not done a proper investigation. I contacted them last month. I need them to remove me from the system because I did not do this.,
5249,"XXXX XXXX XXXX XXXX XXXX XXXX XXXX XXXX XXXX, FL, XXXX XXXX XXXX XX/XX/XXXX Dear XXXX XXXX XXXX I hope this letter finds you well. I am writing to bring to your attention an unfortunate incident that occurred in XXXX, which has had significant repercussions on my life since then. 

On XXXX, my purse was stolen, containing all of my important documents, including my identification cards, social security card, and other sensitive information. This incident not only left me without crucial personal belongings but also made me a victim of identity theft. 

Since the theft, I have been diligently working to mitigate the consequences of the identity theft. I have reported the incident to the authorities and have taken necessary steps to protect myself from further harm, such as placing fraud alerts on my credit reports and monitoring any suspicious activities on my accounts. 

However, despite these efforts, the aftermath of identity theft continues to affect me. It has been a challenging journey to restore my identity and regain control over my financial and personal affairs. 

I am reaching out to you in the hope that you may assist me in [ specific assistance needed ]. Any support or guidance you can provide would be greatly appreciated as I continue to navigate through the aftermath of this unfortunate event. 

Thank you for your attention to this matter. I look forward to hearing from you soon.",
5262,"I am writing to formally express my concerns regarding Zelles handling of disputes, particularly in light of the recent CFPB lawsuit, highlighted and significant issues with the platform. dispute using Zelle numerous times and reporting discrepancies, my financial institution in Zelle failed to investigate my claims adequately. They informed me recovering lost funds was impossible, and that tracking these transactions was unfeasible. The CFPBs finding indicate that Zelle has not only neglected to protect consumers, but also allow repeat offenders to exploit the system, leaving users, vulnerable to scams. This lack of accountability and transparency is unacceptable and raises serious concerns about consumers safety.",
5265,"I have a Paypal account, which I was using to transfer my SSI funds ( which are protected under Federal Law ( Section 207 of the Social Security Act, codified at 42 U.S. Code 407. This law prohibits garnishment, levy, or other legal processes against Social Security benefits, including SSI, with very limited exceptions ) ) into the account and then transfer to a bank account. I did this to have less fees than an ATM. Other these transfers ( which happened near the XXXX of every month ), I made a couple or few purchases from XXXX ( shoe store ), transferred {$10.00} twice to a family member ( which has a Paypal account with a name XXXXXXXX XXXX XXXXXXXX, transferred funds to XXXX, and possibly donated to a nonprofit. I haven't used the account for selling ( in probably more than 10 years ) and have not used the account to accept payments from others. Paypal gave a reason to hold the funds for 120 days due to unusual activity, which they can not tell me the reason specifically. I am not sure if they are legally able to hold my funds since the funds are protected under the code above. There are only a little more than {$50.00} in the account, which is not hurting me at all, but I feel the possibility of being targeted for some reason, and they will not explain. I am not in or have been engaged in any illegal activity. It just seems very weird for them to do this. I like to know, if possible, does Paypal have a legitimate reason to hold the funds.",
5270,"I am filing a complaint against Cash App ( Block , Inc. ) due to inadequate customer service and unfair practices, which violate the Consumer Financial Protection Act ( CFPA ). Specifically, Cash App failed to tak timely and effective measures to prevent and + address fraud on their platform, leaving my account vulnerable and unprotected.

Furthermore, their dispute resolution process 8K was unfair and deceptive, as they did not comply with error resolution requirements under the Electronic Fund Transfer Act ( EFTA ) and Regulation E. These actions have caused significant inconvenience and 41 financial loss, and I seek appropriate redress for these violations.",
5271,"My account was closed in XXXX. A check for the entire account balance was supposed to be mailed to my address, but I never received it. 

Chase representatives have stated they can not track the status of the check and believe that, due to the time elapsed, the funds were likely escheated to the unclaimed property department of my last known state of residence.

However, Chase has refused to provide me with the Escheatment record ( as proof of transfer to that state or any other ) or the final account balance at the time of closure. 

I have already searched the unclaimed property databases of my last state of residence, the state where the account was opened, all other states in which I have resided, and also the state of Ohio, per Chase 's request. I have found no record of these funds under my name in any of these states.",
5274,I had a Victoria 's Secret credit card and used it twice for my own purchases and paid them off. Then a person I was living with stole my card and charged over {$500.00}. I tried contacting Victoria 's Secret to dispute the charges but they said that they would not because there is no way that someone else used my card. I told them that I refuse to pay a debt that is not mine but they persisted and then after not receiving money for a year they sent it over to collections. I am just now finding out that I can dispute the claim.,
5283,"Credova told me in XXXX that my last payment was in XXXX. In XXXX they send me a notification that they were going to debt my bank account for another payment of {$160.00} They didnt debit my account and instead are coming back saying I owe them another XXXX. So they didnt take the money and instead are calling me 3-4 up to 5 times a day saying they have sent me to collections and need to resolve the issue. This isnt right, they were supposed to debit my account in XXXX and didnt and are now treating me with reporting to credit bureau .",
5286,"My mortgage company before XXXX sold my account to XXXX. I started having payment issues with Newrez on XX/XX/2023 thought my payments of XXXX were going through. I received confirmation numbers but they would send the payments back. I tried paying both online and on phone. I asked why I was having the issue they said it was my bank or lack of funds. I was more than sure that have enough funds to pay, i called my bank they said it wasnt on their end. I tried paying online, and called made double payments so i pretty sure I had till XXXX paid. I did not go through. I paid online again. My bank shows multiple payments. Im sure I paid more now but they have confusing system. Now I have a low credit score and also the person who is on the loan with me.",
5295,"My chase checking account was closed by chase at XXXX. Chase didn't provide me any reason or information about why my account by closed. They hold all of my money until now XXXX, I have to borrow money to pay my rent and living. I call the chase service number every week, I call them more than 20 times, and everytime they give me the same answer "" back office still review your account, after they finished review your account then deicide whether they decide to release your fund. They not gon na tell you when they will finished review ''. And I also visit Chase branch for 4 times, they can't help me anyway. This has made my life very difficult and even made me afraid to open a account in any bank, because once you put your moeny in, you have no right to have your money! 

I feel like chase a bank acting is bullying the consumer, you can't fight with a bank and they don't give you any reason why they don't give you your money back. Such behavior is simply bullying consumers. I need CFPB give me some help please. 

Thank you",
5296,I called on XX/XX/07 to file a claim dispute with Chase for a XXXX unauthorized charge for my account ending in XXXX. I spoke Chase and dispute and they stated they are unable to get the funds from XXXX.,
5318,"We submitted multiple checks for escrow and scanned the front of the checks ( front only ) and emailed them to the contractor as proof of delivery. The contractor was fired from the project after delivery of the checks to escrow. The checks were written on XX/XX/XXXX and cleared our account on XX/XX/XXXX. I called our attorney to confirm he still had the original checks in his possession, which he did, still held in escrow The contractor printed the PDF 's that were emailed to him, cut the paper into check size and endorsed the back, which as a blank sheet of paper and proceeded to mobile deposit them into his Bank of America account. You can clearly see in the attached documents that the checks were printed on a printer, cut into size and the back is blank because it was a sheet of paper and not an actual check. We notified our relationship manager at Regions bank on XX/XX/XXXX regarding the fraudulent checks, she agreed they were fraudulent and informed me we had 60 days to file a complaint. The checks were on our XX/XX/XXXX statement so we were within the time constraints. Our relationship manager incorrectly filled out the claim so Regions internally rejected the claim twice in 4 months without ever sending the claim to XXXX  XXXX XXXX. When Regions finally sent the claim to XXXX  XXXX XXXX, at our request, XXXX XXXX XXXX paid 2 of the 7 fraudulent checks but the contractor had drained his account of money so the other checks didn't get paid. I've attached copies of the checks and a response from Regions regarding the claim. 

Regions still does not fully understand that the images that were mobile deposited are not of the actual check, they were photos of an image printed on a printer with no actual back of the check.",
5319,"XX/XX/XXXX I contacted Hyundai regarding getting the title and bill of sales after I was told by XXXX secretary of State that I needed the title/bill of sale before it could be transferred to me. The lease was paid off in XX/XX/XXXX.. On XX/XX/XXXX I spoke to a customer. rep who said that the title dept only worked on titles 2 days a week. They sent an e-mail, which I never received. In early XX/XX/XXXX I received a notorized disclaimer regarding the car but no title or bill of sale. I have contacted the company by mail as of XX/XX/XXXX.",
5320,"I appreciate your time to REMOVE some of the inaccurate items in my file that resulted from problems caused by inaccurate credit information, but I still have ITEMS left that needed to be removed. This is my new attempt to dispute an inquiry in my credit file which resulted from an incorrect credit report details. Again, Im sending over an Identity Theft Report # XXXX. Pursuant of FCRA section 605B ( a ) ( 1 ) ( 2 ) you are required to remove any information in my file that resulted from an alleged identity theft, not later than 4 business days after the date of receipt with ( 1 ) appropriate proof of the identity of the consumer ; ( 2 ) a copy of an identity theft report. 
EXPERIAN : XXXX XXXX XXXX XXXX XXXX XXXX XXXX XXXX XXXX XXXX XXXX XXXX XXXX XXXX XXXX XXXX XXXX XXXX XXXX XXXX XXXX XXXX XXXX XXXX XXXX XXXX XXXX XXXX XXXX XXXX XXXX XXXX XXXX XXXX XXXX XXXX XXXX XXXX XXXX XXXX XXXX XXXX XXXX XXXX XXXXXX/XX/XXXX4. Please note that you have 4 business days to remove the reporting of any items in my credit file that resulted from an incorrect credit report details. I do not consent to XXXX or any means of automated verification.",
5333,"All of sudden, I received an ATM card from Citizens Bank on XXXX XXXX, 2016 and then another letter following day that welcomes me for opening an account with them ( which I HAVE NEVER DONE ) and asking for my signature. So I called the XXXX XXXX XXXX ( found on letter ). I told the Citizens Bank customer service how I have never opened an account with them and requested closing the account immediately but I was told I need to provide my social security number or somehow go to their branch somewhere in XXXX to get any help. Either that, just cut the ATM card. How that solves any problem knowing that an account is opened under my name without my knowledge and permission? I believe my 2 phone conversations with them is recorded. Prior to this, I have never even heard of Citizens Bank. I read online this is a very common phishing practice to acquire new customers. It 's very disturbing and worrisome. Please help.",
5335,"I am disputing the collection account with Jefferson Capital Systems , LLC, account number XXXX XXXX XXXX XXXXXX/XX/year>, with a balance of {$490.00}. This account is unverified and does not belong to me. Despite my efforts to resolve this issue by contacting both the collections agency and the original creditor, I have not received any satisfactory resolution. I request an immediate investigation into this account and demand that Jefferson Capital Systems , LLC, provide verifiable proof of ownership and validity of this debt. I expect a swift response and the removal of this erroneous information from my credit report in accordance with the Fair Credit Reporting Act ( FCRA ). I had my identity stolen and this account must come from that.",
5336,"I am filing a complaint against Block , Inc [ CashApp ] due to inadequate customer service and unfair practices, which violate the Consumer Financial Protection Act ( CFPA ). Specifically, Block , Inc [ CashApp ] failed to take timely and effective measures to address issues on their platform, leaving my account vulnerable and unprotected.

Furthermore, their dispute resolution process was both unfair and deceptive, as they did not comply with error resolution requirements under the Electronic Fund Transfer Act ( EFTA ) and Regulation E. These failures have caused significant inconvenience, financial loss, and unnecessary stress, and I am seeking appropriate redress for these issues.",
5341,"On XX/XX/year>, at approximately XXXX AM, I contacted Credit Acceptance and spoke with a customer service representative regarding the past due balance on my account. During the conversation, I inquired whether a portion of the late fees could be removed if I made a partial payment toward the past due amount. The representative informed me that Credit Acceptance would be willing to remove XXXX late payment fees. 

However, as of Friday, XX/XX/year>, those fees have not been removed. I subsequently spoke with XXXX additional customer service representatives, and neither was able to locate any notes or records of the prior agreement. 

I am concerned about the inconsistency in communication and the continued assessment of late fees despite having an active payment arrangement in place. This experience raises serious concerns about the transparency and practices of Credit Acceptance, and I urge a thorough review and resolution of this matter.",
5343,"Hello. Please know that I take my credit seriously, and I'm deeply concerned about the inaccurate inquiries I saw on my credit report. These mistakes are causing me stress and it's also impacting my ability to secure new credit. Ive worked hard to build my credit, and its frustrating to see it negatively affected by errors that arent my fault. It is stressing me out and making me XXXX. Hope you can address this soon, please. This situation is unfair, and I need it corrected immediately to prevent further damage. Thanks.",
5347,Chime allowed an unauthorized transaction to debit my card after I got confirmation from them they blocked charges and no money has been taken out of my account. But the total opposite happened they allowed them the transaction and I still have t been refunded my money,
5355,"The lender ( https : //www.myloancare.com/ ) has not paid property taxes from the escrow account. I have raised 2 tickets with the lender with the tax bill attached and called them 4 times in XX/XX/2021. They do not respond to the online tickets and on the call I get a different response every time. 

The tax deadline is XX/XX/XXXX and I am concerned they will not pay in time and I will be stuck with the penalty as well. 


I have attached the receipts for the 2 tickets I have raised with the lender and the tax bill.",
5356,"The account in discussion is Keybank NA account # XXXX the issue at hand is a late pay reported in XX/XX/2020, due to Covid-19 I was unable to make the payment. When I was well enough to work I did make the payment immediately.",
5358,"Purchased some crypto currency using an address from my coinbase wallet. Horrible customer service. Still trying to get a useful response from coinbase after 25 days of repeated attempts. Case # XXXX I am not alone with this problem 100 of people accross the USA and around the world have fallen victims of this fraudulent company which has its head office in XXXX  XXXX XXXX. 
Here are some of the key players at Coinbase you can contact : XXXX XXXX CEO XXXX XXXX COO XXXX XXXX Head of Engineering Will Conder Recruitment XXXX XXXX Global head of belonging Inclusion and experience XXXX XXXX Director of Product management",
5359,"Wells Fargo did nothing to resolve complaint XXXX-XXXX  Wells Fargo has had several opportunities to bring my account up to date and they have refused to do so. They simply explain what happened, and then they tell me they transferred my mortgage to another bank. They have yet to offer a resolution, but simply an explanation of what happened. They received documents establishing a partial claims promissory FHA HUD1 note on XXXX XXXX and were supposed to apply the funds from that note to my loan. They didn't apply those funds, and on XX/XX/XXXX they transferred my mortgage to XXXX XXXX. XXXX. As it is now I owe the money for this note at the end of my mortgage, and Wells Fargo has yet to apply those funds to my mortgage which is what they are bound to do by the documents of this note. This has been going on since XXXX and I have made several attempts to get them to post the money from the Partial Claims note to my mortgage and they refuse to do so while telling me they transferred my mortgage.",
5363,"Recently Wells Fargo placed a hold on my accounts without providing a clear reason. They requested that I update my legal status documentation, which I submitted on time through their system. However, they failed to notice or acknowledge that I had uploaded the documents and still proceeded to place the hold on my account. 

Despite the hold, the account continues to accept deposits, including my work checks, but I am unable to access any of my funds. This has created significant financial strain, and I am unsure of how to resolve this issue effectively since the wells fargo representatives didnt give me any solutions, their only option is that I need to wait.",
5369,"Hello, I held a mortgage with Fifth Third Bank and refinanced with another lender around XX/XX/2022. 

I had mistakenly made XXXX 's mortgage payment ( {$940.00} ) to Fifth Third as my account was on auto-pay. I was told my escrow funds with the bank were applied to my final payoff, and my XXXX mortgage payment of {$940.00} would be returned to me in the form of a check in the mail as it should have never been remitted due to the timing of the refinance closing. 

At this time, I never received the check, and I am told the check was mailed out on XX/XX/2022, and cashed on XX/XX/2022. I have been following up with Fifth Third Bank for months trying to get information on the cashed check. 

I have not received any check imaging from Fifth Third Bank after numerous requests and now that it's been almost three months. I suspect the check may have been cashed fraudently and I am trying to verify this and figure out how to recoup the funds. 

Fifth Third Reference Number - XXXX Unfortunately, after almost three months and multiple attempts of trying to retrieve check images, and trying to resolve this with Fifth Third Bank, I do not feel they are responding appropriately and now need to escalate this matter to CFPB. 

Please let me know if there is any additional information I can provide or be of any further assistance at this time. 

Thanks, XXXX ( XXXX ) XXXX XXXX XXXX",
5372,I always cash my checks with my bank or deposit them into my fifth third bank account. Either 3-24hours funds are ALWAYS available. Now all of a sudden they are putting a 7 day hold thats realistically 14days because they want to verify a check I always deposit into my account. Rents due house just got caught on fire and all my utilities are due and they dont want to help in the slightest with releasing my funds. If I was going to know this wouldve been an issue I wouldve just cashed my checks with my workplace at money services and just paid the 8 . I deposit into my bank cause of the convenience of owning a bank. Now all of a sudden the convenience became an inconvenience and now they some how cant help me at all with the same check they verify within 24 hours. Then I tell the manager of the branch what happened and why I need the money released sooner and if theres anything they can do to help and he gives me an attitude and hangs up the phone. I will be closing my account but not before I make a formal complaint because this is ridiculous.,
5376,"I had an established relationship with the company. I paid by bill on time and ensured the credit limit was always available.

In XXXX  of XXXX  I was asked to verify my identity. this was after I had the account for almost a year. I submitted documents on their app and waited weeks for verification. the company wasn't able to verify my identity, waited weeks to respond to any questions and closed my account. Customer service is almost non-existent. yet the company continues to email me statements with a XXXX balance and credit limit. 

I am not the only person having this issue. the comments listed in the XXXX XXXX are riddled with customers who have had the same issue.",
5394,XXXX XXXX XXXX XXXX came back saying that I didnt have title insurace i Paid {$600.00} it was documented they lied about this saying I didnt have any. Furthermore they said I received {$84.00} check I never did get any check like that please have them send copy to me there is no and satisfaction letter was not discharge of mortage The Court did not accept this The Court said that they did not d this properly. XXXX XXXX agrees this was their mistake and didnt do it properly. How can they get away with lying like this this is so wrong. There was a lien left on my property. They did not do the title work properly. Will be faxing the documents showing all this too big they wont let me attached files called the CFPB and they said just to fax it and send with complian number so I will be doing that.,
5395,"O
n XX/XX/XXXX I opened a Citibank Account Checking online where a promotion was advertised for {$300.00} for opening an account. There was a delay in processing the opening on Citi 's ed but the account was opened and it was confirmed on the phone that the promotion was attached to my account.
The terms stated : Within 45 days after account opening, make a qualifying deposit of {$15000.00} or more in new-to-Citibank funds into the new checking account or your new or existing Citibank Savings Plus Account or Citi Savings Account and maintain a minimum balance of {$15000.00} for 30 consecutive calendar days following the date you made your qualifying deposit.
Within 45 days after account opening, complete 1 qualifying Direct Deposit to your checking account or make 1 or more qualifying purchase transactions with your Citibank Debit Card totaling {$250.00}.
On XX/XX/XXXX I deposited {$15000.00}. OnXX/XX/XXXX I deposited {$340.00} and I made a debit purchase for {$250.00}. My statement ending XX/XX/XXXX shows an ending balance of {$15000.00} and I maintained {$15000.00} or more the entire time of the first 30 days since my deposit.
I have called and done live chat and I 've been told that my bonus is coming. Yesterday I did live chat and was told the back office was being contacted and that my bonus would post in 1-2 days. I will attach this live chat from yesterday. Today I received a letter that I 'm not eligible for a different bonus which required a $ XXXX deposit for {$500.00}. This is not the account I applied for.",
5396,"On XXXX XXXX my account was overdrawn {$31.00} at end of daily transactions. I was charged two {$34.00} insufficient funds fee. I had enough in my account cover all but one item. I should have been charged only one fee. The withdraws were sequences so they could charge me two fees. I was charge {$34.00} for a {$20.00} item and {$34.00} for a {$25.00} item. Page 2 reflects several withdraws with amount greater than {$31.00}. They paid highest amt to lowest amt which results in Chase being able to collect more fee.
I spoke to XXXX XXXX ( supervisor ). She said she could only refund me back {$14.00} of the {$68.00} they charged me because I had been refunded fees in the past.
My complaint is had they not sequenced the way they did I would have only had one {$34.00} fee not two.",
5400,"This letter is a formal compliant that you are reporting and incomplete credit information. According to the Fair Credit Reporting Act section 609 ( a ) ( 1 ) ( A ), you are required by federal law to verify, through the physical verification of the original signed consumer contract, any and all accounts that you post on a credit report. Otherwise anyone paying for your reporting services could fax, mail or email in a fraudulent account. I demand to see verifiable proof ( I.e. : an original consumer contract with my signature on it ) that you have on file for the account listed below. Your failure to positively verify these accounts has hurt my ability to obtain credit. Under the FCRA, unverifiable accounts must be removed and if you are unable to provide me a copy of verifiable proof, you must remove the account listed below. I demand that the following accounts be verified or removed immediately :",
5409,I had what I now know was not the fraud dept text and call me to verify some transactions that were pending. The were visible at the time as pending. The person knew my exact amount in the XXXX accounts and how to process an account closure and send funds to the new account. I sent XXXX transactions of {$2700.00}. XXXX and {$1300.00} on XX/XX/year> this was my whole XXXX paycheck for the month. They then said to logout and the new account will appear with my money in XXXX minutes. They also said that for XXXX my new cards would be sent out expedited.,
5421,"On the XXXX, the "" items you can not shop for '' are outrageous. A credit report fee of {$250.00}. That is obviously marked up. I was my understanding that the required items for closing were a pass thru fee, the exact cost to the borrower. From this lender, they are apparently marking up the required fees. I have the XXXX. This is my son in law. I am supplying a gift letter for closing funds. I would definitely shop for these items as they are way out of line for what the market normal is.",
5424,"I kept my word and paid my account in full. I had to sell furniture out of my house, pawn my class ring, and borrow money from relatives over the months to pay this collections account. As it turns out, the representative who initially and constantly contacted me was making false threats. Regardless, I paid my debt. What I am most upset about, though, is the fact that I still have n't received my paid in full letter, and neither has XXXX XXXX XXXX. It suddenly seems as if the phones no longer work in the office which once incessantly called me. The day I paid the account in full, I was assured that I 'd get a letter stating such. The said letter has not been received. I called several times and left voicemails. This practice is shady and unprofessional, and I certainly hope it 's not indicative of how other clients are treated. What type of business is unwilling to state its name via phone? I called XXXX and was told that debt collectors on their behalf can not file legal action -- fraud charges ( but this is what "" XXXX XXXX '' of XXXX XXXX told me in XX/XX/XXXX ). At this point, I almost feel as if I 've been defrauded.",
5434,"I received a large direct deposit from my employer into the account for my annual bonus and my normal bi weekly pay check on XX/XX/2024. I made some large purchases and they froze my card. They did unfreeze after calling customer service and verifying my identity but on XX/XX/2024, I received an email from credit karma email address : XXXX stating that my account is locked for my protection again. I reached out to customer service several times on XX/XX/XXXX via email, chat and phone. All reps keep saying the same message : they can not inform me why my account is locked and that my account is under review by a higher department. There is no direct contact information for this department I have to wait for an email from them. 

Well today XX/XX/2024, I went to log into my account and the account was closed. I can not view my account in the app or online. Instead its prompting me to apply for a new account. I called customer service again today and was informed that the account is closed. I had {$390.00} in the account and the representative could not tell me how they plan to give me access to the money that was in my account before they closed it. The representative also could not tell me why it was closed or locked in the first place. Keep referring me to this email Im supposed to be getting from the higher department who has no direct contact information. There are hundreds of folks on XXXX experiencing this same exact issue and getting the run around from credit karma customer service. I still have not received an email from this higher department regarding account lock or closure.",
5441,"A XXXX  by the name of XXXX, who is in a gaming group called XXXX XXXX, used XXXX  to announce he is selling XXXX XXXX and I started speaking with him through direct message on XXXX and eventually sent him the money through PayPal. He then continued to block me and hasn't answered any of my emails. He scammed me and stole my money. I reported an issue to PayPal but I have to wait up to 90 days, and I reported him on both XXXX and XXXX.",
5443,"Paypal put my account on a permanent hold stating my activities were against their policy. They were not. I purchase items and receive a rebate for the item. Nothing illegal or unethical. Companies do this all the time to get their products known, promote customer loyalty, etc. I had no recourse and they said they would hold my {$180.00} for 180 days. After that time, I called them and they said they were keeping the money. Today I received an email stating someone added their phone # to the account. My ccard #, bank account, home address and SS # are all in the account. I called to get the account closed and they told me because it is on a permanent hold that is not possible. I spoke to a manager and was told no one is allowed to close the account for me. So, I can not remove the information, receive my funds back nor close the account. They told me the account can not be used but yet someone hacked into it. 
https : //www.paypal.com/us/webapps/mpp/ua/acceptableuse-full? msclkid=ec0639babd9711ec9f22e8adbfc6a33e",
5445,"Loancare failed to pay my property taxes as promised by their representatives. Now, I am charged with delinquent fees and the original property taxes. The representatives promised that Loancare will assist me with paying all of the property taxes, secured and supplemental taxes. The representatives promised that Loancare will use my escrow account to pay the taxes as long as I submitted the tax bills using their online portal before the due date. Loancare committed to pay all delinquent fees if they do not pay the tax bills on time. 

I sent in my tax bills using their online portal on XX/XX/2023. The due date was XX/XX/2023. I even received a confirmation email confirming they have received my tax bills. I did everything the representatives told me to do. 

On XX/XX/2023, I saw that my tax bills were not paid and I was charged delinquent fees. I spent over 42 minutes on the phone with Loancare. I was bounced around between at least 3 representatives before the last one finally made an escalation ticket. All of them repeatedly denied the commitments to pay for all submitted taxes and delinquent fees. 

I have till XX/XX/2023 to submit the supplemental taxes and delinquent fees Loancare failed to pay for me. I am requesting assistance from CFPB to enforce the commitments made by Loancare. 

They violated their financial commitments to me.",
5448,"I tried to open an account at a local bank and 3 days later they told me they need to close my account. The bank told me it was in there system to call XXXX XXXX XXXX because there was a check fraud placed on my consumer report. I called them and they named a bank that I'm not familiar with. Please help me solve this problem, my identity was stolen before back in 2011. I have a fraud alert on my credit report now.",
5455,"My Buisness Account got suspended 3 months ago for no reason ( "" violating the AUP '' ), freezing a balance of about XXXX. 
They claim it will be hold for 180 days and probably deduct some. 
XXXX from any review I've read on the matter, I have no reason to believe PayPal will ever give me back my funds and or my account, without legal help. 

PayPal never bothered to ever send a notification nor did they provide an explanation of why they did so. I never even had the chance to defend myself or try to prove my innocence. 
Every time I try to confront them they just dodge the case, replying with automated messages and sending me from one agent to the next. 

I've been on PayPal for 10 years, and neither I've ever acted against it's rules nor is my buisness Illigal",
5460,"On XX/XX/2022, XXXX XXXX XXXX XXXX XXXX initiated an unauthorized wire transfer of 401 ( k ) funds to JP Morgan Chase. The funds were sent to an incorrect and unauthorized account and now JP Morgan Chase claims that they can not find the wire. 
Both companies are aware of the situation and both companies claim that the other company is at fault. All while the customer ( me ) is trying to track down retirement funds, to no avail. 

XXXX XXXX XXXX XXXX XXXX has offered friendly and helpful customer service, but can not do anything for me such as recall the wire. JP Morgan Chase has presented itself with terrible customer service. Every time I call, I have to restate the story from the beginning and I get transferred to multiple people who have no answers. When sending secure messages via the Chase website, I receive canned responses which offer no resolution. I have sent multiple messages, and even waited for more than 7 weeks for a response.

Furthermore, this unauthorized wire transfer of 401 ( k ) funds has tax implications that I will have to bear unfairly. 

Thank you for reading my complaint. I hope this will resolve the issue.",
5463,"I am filing a formal complaint against Cash App ( Block , Inc. ) for inadequate customer service and unfair practices that violate the Consumer Financial Protection Act ( CFPA ), 12 U.S.C. 5531 ( a ). Specifically, Cash App failed to implement timely and effective measures to prevent and address fraud on their platform, leaving my account vulnerable and unprotected, which constitutes an unfair and deceptive act or practice under the CFPA.

Furthermore, Cash App 's dispute resolution process was both unfair and deceptive. They failed to comply with the error resolution requirements mandated by the Electronic Fund Transfer Act ( EFTA ), 15 U.S.C. 1693f, and its implementing regulation, Regulation E, 12 C.F.R. 1005.11. These laws require financial institutions to investigate and resolve disputes promptly and in good faith, yet Cash App failed to meet these obligations.

These violations have caused significant inconvenience and financial loss. I am seeking appropriate redress for these violations of federal law.",
5469,On XXXX XXXX 2020 I received a refund from XXXX for an item I Purchased with my visa Credit Karma card which i have provided screen shots of The refund was issued was to post in 3 days I called Credit karma to inquire about why the refund has not been posted on the 3rd day Which today is XXXX XXXX 2020 I was told by customer service 2 different things one rep told me funds would not be made available till Monday XXXX XXXX which is unacceptable another told me That she does not see a refund issued on my account I called XXXX for a second time to see if they did issue the refund and i was told by their rep the refund was issued on the XXXX of XXXX I was also told by a representative at credit karma That i made using their visa card to release my personal banking and routing information for a refund which is unheard of for any type of refund They say Credit carma uses XXXX XXXX as their bank I called XXXX XXXX  and was transferred back to credit karma because XXXX wasn't able to access my account even though all transactions regarding my account goes through XXXX for routing purposes thru Credit Karma Credit karma should not be allowed to have access to people 's funds or money if credit karma can't even provide a customer with any kind of account information support or access to the customers actual funds a third party does they are not the bank XXXX is the bank and XXXX XXXX handles their customers not credit Karmas customers.If you have a credit karma account as a customer you have nobody to speak to in customer service who can accurately help you with funds or deposits made in your account This company should be looked in to as a whole as this is not the first issue I have had with them regarding funds in my account And I would caution anyone who reads this to never sign up with credit karma This company is not a safe financial institution to keep any of your funds,
5475,"Regardless of the multiple written requests, the ITEMS listed below are still reporting on my credit report which is a violation of FCRA. The Bureaus failed to comply with Fair Credit Reporting Act, 15 USC sections 1681i within the time declared by law, they failed to properly investigate the matter by using a third party as their verification provider and have continued reporting the unconfirmed & unverified information. Given all my attempts to address it directly with 3 CREDIT BUREAUS, they are willfully negligent and non-complying with federal statutes & I need this matter handled immediately. Please remove the items below in my file : XXXX XXXX XXXX Balance {$3900.00} MB XXXX XXXX XXXX Balance {$0.00} XXXX XXXX XXXX XXXX XXXX {$0.00} XXXX XXXX XXXX XXXXXXXX Balance {$2200.00} XXXX XXXX  XXXX XXXX XX/XX/XXXXXX/XX/year>",
5483,"I have filed disputes with XXXX, XXXX and Equifax back in XX/XX/2020. This is now XXXX and I still have yet to received anything from them. I want to fix my credit report and this is holding me up and I don't understand why they haven't reply to me yet.",
5485,"I signed up for a store card with Lane Bryant. Everything was fine. I pay my statements once I receive them. This current statement has an additional charge of {$2.00}. The new charge is a fee for paper billing. Had this been a practice when I signed up, I would have never signed up for the card. Being charged for billing statements is the most ridiculous thing I had ever heard of. I have no desire to sign up for apps or programs. They are trying to force people to sign up for automatic payments to avoid fees. Unfortunately, I have a balance that I need to pay off before I close this card and stop doing business with them. Consumers need to be protected from this sort of attack.",
5509,"I, XXXX XXXX, as a federally protected consumer and per the Fair Credit Reporting Act ( 15 USC 1681 ) I am now opting out of any and all authorizations that I may have given you written, unwritten, oral, verbal or nonverbal per U.S.C 6802 effective immediately and indefinitely. WELLS FARGO XXXX",
5514,"See Attached. Equifax has violated my rights under the FCRA by willfully being noncompliant to 15 U.S. Code 1681e ( b ) and 15 U.S. Code 1681i ( 5 ) by not following procedures to follow maximum possible accuracy when preparing a consumer report. On the XXXX Account Number XXXX XXXX, you can see there was no adequate investigation performed. In the payment history section from XX/XX/XXXX to XX/XX/XXXX CO for charge off is being reported as a payment each month. This is a charged off account meaning it is closed because the debt was cancelled so how can there be an update to the payment history each month? It says the date of last payment is XX/XX/XXXX but if you look at the payment history it has XX/XX/XXXX marked as XXXX  days late but how can it be XXXX  days late if a payment was made? in XX/XX/XXXX and XX/XX/XXXX they both say XXXX  days late but it's impossible to be XXXX  days late XXXX months in a row. In XXXX XXXX, XXXX, and XXXX all say XXXX  days late but how can it accurately report XXXX  days late XXXX months in a row on my report? It says delinquency first reported is XX/XX/XXXX but how can that be if the first negative remark is XXXX  days late on XX/XX/XXXX? Also how can the date of first delinquency be XX/XX/XXXX if a payment was made that day and also the first delinquency is shown as XX/XX/XXXX? Under 15 U.S. Code 1681 ( a ) ( 1 ) congress made the finding that The banking system is dependent upon fair and accurate credit reporting. Inaccurate credit reports directly impair the efficiency of the banking system, and unfair credit reporting methods undermine the public confidence which is essential to the continued functioning of the banking system. I've pointed out all these inaccuracies after Equifax 's Investigation yet they still reported back the account as updated and verified which goes directly against each law I have mentioned in this complaint.",
5518,"XXXX attempting to collect a debt that is not in my name. The account was transferred over to another member of my family and it is still being reported in my name and they did not also or ode debt validation form. 

XXXX also attempting to collect debt and add on extra {$2500.00} for paperwork processing",
5523,"Have called Navient trying to lower payment from XXXX a month to a lower payment due to illness. Every time we call we get a different story and the final call the rep very rudely said they could not do anything and hung up. This has been going on for over a month. I am the borrowers Mom. I refinanced these loans with Navient XX/XX/17 with my daughters permission. She added me as a co-signer and I have been making the monthly payment for 15 months. They did send me the promissory note I am listed as a co-signer but never sent it to me for an electronic signature thus my daughters signature is the only one listed. I believe they never sent it to me to sign. All we want is the payment reduced temporarily until I am able to return to work after my illness. This is extremely frustrating and stressful. After at least 5 calls with different answers, asked to speak to a manager and they would not and hung up. This is very upsetting and I.m hoping you may be able to help. I as well as my daughter have excellent credit and do not want to jeopardize this by not being able to make the payment. Thank you",
5524,"I leased a vehicle from XXXX XXXX XXXX in XXXX Ohio when I signed the contract the contract said used vehicle not salvaged vehicle which I didnt find out the vehicle was salvaged until I tried getting a extended warranty because I was having trouble with my wiring, my headlights kept burning out because of the heat, the warranty company let me know they couldnt honor me a warranty because I had a salvage vehicle. I then reached out to XXXX XXXX XXXX, letting them know the information that I was just informed about the vehicle they lease me and let them know I would like a replacement vehicle and title I had 3 payments left I believe they said it was nothing they can do for me because I signed a contract as is then I pulled up the contract nothing was right on the contract not the price and it said used vehicle not salvaged I then told them I wanted to cancel my contract because it says if contract is fraudulent I can cancel at anytime which I did at that time and they came to get the vehicle but it still ended up on my credit report with a repossession. I then tried to just dispute it through XXXX XXXX and I was denied but XXXX removed it from my credit report.",
5527,"I am submitting a complaint against Cash App ( Block , Inc. ) for inadequate customer service and unfair practices that breach the Consumer Financial Protection Act ( CFPA ). Specifically, Cash App failed to implement timely and effective measures to prevent and address fraud on their platform, leaving my account exposed and unprotected.

There have been multiple instances where money has inexplicably disappeared from my Cash App account. On several occasions, large sums of money either vanished or were sent to random Cash App tags without my authorization. These occurrences lead me to believe that my account was either hacked or that Cash App may have been responsible for these transactions on their end. 

Each time I attempted to reach out to customer service for assistance, I was unable to get help or even reach a live representative. As a result, I have lost significant amounts of money, including the funds tied to disputes I attempted to file. Due to the lack of proper customer support and the absence of live agents, I have been left without resolution and am now out substantial sums of money. 

Additionally, their dispute resolution process was both unfair and deceptive, as they failed to comply with the error resolution requirements outlined under the Electronic Fund Transfer Act ( EFTA ) and Regulation E. These failures have resulted in considerable inconvenience and financial loss, and I am seeking appropriate resolution for these violations.",
5531,"XXXX   XXXX  University has taken last year and this year state tax refund of  XXXX  and  XXXX  for paying amount of  $ 1,000.00+. B ecause I called them couple of years ago to let them know that I can pay them at least {$50.00} a month. But they brought me to collections in which I wrote them a letter explaining my situation. And then I did not hear from the collections people at all. And then I received a notice that my state refund went to  XXXX   XXXX  University. I did not receive any notice or letter from  XXXX   XXXX  University that they were going to take money from me!!   Also I was charged an extra fee for collections services!! That is why I have to pay over {$1000.00} for the amount!! I have spoken to  XXXX   XXXX  University about taking my {$600.00} refund this year and they sent me by ema il 5 lette rs that I did not receive. What happen to collections helping with paying the amount? How much do I still owe  XXXX   XXXX  University?",
5534,Cash app closed my account for no reason they have no contact number so I messaged them they told me it was in error they told me to open a new account when I do it wont let me they still have yet been able to help me this been since last XX/XX/scrub> 2024 I also see they have a law suit against them how do I apply for that?,
5538,When I received the first call I said not to call me at work. Then I continued to receive calls that would advise it is the Hudson valley and to push a button on the phone to connect with an operator. After I started to write down each time I received a call at my place of employment. It has been 6 months and they 're still doing the same.,
5543,"My account was frozen on XXXX XXXX. 
I was told that I need to submit my Photo ID and bank statement, in which I submitted. A few days later I received an email stating my account was frozen and I couldnt transfer my funds. 
My complaint is why ask for my personal information and then allow my account to still be frozen. 
I just want to transfer my funds to my account and then they can close or freeze the account. 
Now Im worried my information might get stolen and become a victim of identity theft because I my information wasnt used to unfreeze my account but to permanently freeze my money. 
I still have almost {$600.00} in my account that I desperately need.",
5546,"In accordance with The Fair Credit Reporting Act. This account : XXXX XXXX XXXX XXXX {$220.00} has violated my federally protected consumer rights to privacy and confidentiality under 15 USC 1681.

No Contracts Made with XXXX XXXX XXXX The Account attached to this dispute violates my rights.

15 USC 1681, section 602 A. States I have the right to privacy.

15 USC 1681, section 604 A section 2 : it also states, a consumer reporting agency can not furnace an account without my written instructions.

15 USC 1681c. ( a ) ( 5 ) section states ; no, consumer reporting agency may make any consumer report containing any of the following items of information any other adverse item of information, other than records of convictions of crimes, which antedates the report by more than seven years.

15 USC 1681 s ( A ) ( 1 ) a person shall not furnish any information relating to a consumer to any consumer reporting agency if the person knows or a has reasonable cause to believe that the information is in accurate.

( Inaccurate Address )",
5553,"I purchased a use vehicle using a company I grew to learn as santander consumer. 
I was making my payment to fine for over XXXX yrs then times have changed. XXXX $ a month payments. 18 % interest. At this point I asked to refinance which they dont offer. 
I try refinancing through other companies but they car is worth half of what is owed. 
I was still attempting the payments any ways possible im stuck in this horrible loan with no way out! 
Fast forward to nowish and the cars motor is about to blow due to oil usage with only XXXX miles and im still attempting to pay this loan. 
It has now been repossessed. 
I was never explained or told anything about gap coverage... I was also sold XXXX warranties on the vehicle that never did anything which I paid thousands for.... 
Santander consumer has got to be the worst loan company not to even mention the fees charged to pay your loan...",
5554,"I, XXXX XXXX, as a federally protected consumer and per the Fair Credit Reporting Act ( 15 USC 1681 ) I am now opting out of any and all authorizations that I may have given you written, unwritten, oral, verbal or nonverbal per U.S.C 6802 effective immediately and indefinitely. TD BANK USA/TARGETCRED XXXX",
5557,"I mailed have called XXXX, XXXX, and Equifax numerous times about incorrect information on my report and they continue to blow me off! They are reporting false and inaccurate information and they've failed to fix the situation or hold an investigation. It is now XXXX and they have yet to respond my letter from XXXX! This is completely unfair to me as a consumer that they continue to take advantage of me and stop me from obtaining credit which is my right. Please help because they will not listen to me.",
5560,"I deposited a legitimate check for {$830.00} into my account at JPMorgan Chase Bank, N.A. The check has already cleared from the issuing bank. Shortly after, the bank closed my account due to a XXXX check policy. My remaining balance has now been held for over XXXX days and I have not been provided a written explanation, timeline, or disposition of funds. I have repeatedly attempted to contact the bank and requested escalation, but representatives either provide conflicting information or disconnect the call.",
5564,"On or about XX/XX/2021, I applied for a secured Discover Card. I was approved immediately and the {$1000.00} security deposit was ELECTRONICALLY withdrawn from my account on XX/XX/XXXX. After I then obtained the necessary financing from another source, I canceled the account weeks ago and requested immediate return of the security deposit. Discover has been promising to return the security deposit and even is supposed to send me {$75.00} in compensation for the poor service. While I will accept the {$75.00}, what I really want is my security deposit back NOW! I was told on or about XX/XX/XXXX that the money was probably already in my account. It was not there on XX/XX/XXXX, so I contacted Discover and was told that it would be MAILED ( NOT DEPOSITED ELECTRONICALLY ). The delays in refunding my deposit have been unreasonable and unacceptable. I should have had my deposit back with an hour or day of my canceling the account. Discover has abused me, an elderly man who will be XXXX in two years. This treatment is unacceptable for anyone, let alone the elderly. Discover has had my {$1000.00} deposit since XX/XX/XXXX. They were notified of the cancellation of the Discover Card card before it even arrived. PLEASE INTERVENE and get return of the {$1000.00} security deposit ELECTRONICALLY into my account IMMEDIATELY!",
5565,"I am requesting that my complaint be reopened or reviewed again in connection with my previous case, Case # XXXX. The response provided by Chime does not accurately address my complaint. Their determination was based on the transactions being authorized, but that is not what I disputed. I did authorize the payments ; however, I did so under false pretenses as part of a scam. I was misled into sending money for what I believed was a legitimate job opportunity. Once I realized the situation was fraudulent, I immediately asked the individual to return my funds and informed them I was no longer interested. They then ended communication. As soon as I became aware of the scam, I took immediate action to protect myself by locking my account and reporting the incident. My complaint is about being a victim of fraud and deception, not unauthorized access. I am requesting that this be properly reviewed as a scam/fraud case rather than denied solely on the basis that the transactions were authorized. I also want to clarify that I previously responded to the closed claim to explain this, but it appears my explanation was not properly considered. I ask that Chime and the CFPB reconsider this matter with the correct understanding of the situation and provide a resolution consistent with consumer protection standards for fraud cases. Thank you for your time and reconsideration.",
5574,"XXXX XX/XX/2020 - XXXX XXXX XXXX NMLS # XXXX ) of XXXX XXXX XXXX  informed me my credit score wasnt good enough for a VA XXXX XXXX. Stated I would have to pay 3 points / ~ {$17000.00} to obtain a 3.875 % XXXX XX/XX/2020 - XXXX XXXX ( NMLS # XXXX ) of Amerisave Mortgage Corp quote a refi rate of 3.625 % with {$2000.00} lender costs plus title and appraisal fees. When informed I was aware VA XXXX did not require appraisal he stated my credit was not good enough. When questioned credit requirement he abruptly ended the conversation. 

I owe {$510000.00} on a house that appraised at {$590000.00} 6 months ago when I bought it. I have installed a {$60000.00} pool and am confident the prosperity value is north of {$600000.00} based on local comparables. 

Why cant this Veteran with a service connected XXXX get a VA XXXX????",
5579,"Equifax has mixed up my information with my sisters who lives in  XXXX   XXXX . I 'm a client at  XXXX   XXXX  #  XXXX , they have worked with equifax to correct the problem. My sisters name is  XXXX   XXXX , she was married with the name of  XXXX . My name is  XXXX   XXXX , that is my maiden name, I have never been married and I have never lived in  XXXX . I have always been a   XXXX   resident. Although I faxed equifax my birth certificate and social security number and state license, the current address on my report is a  XXXX  address which I informed them was not mine but my sisters. They refused to correct this and have allocated my information to my sisters file. Her house, car, loans, children 's car loans were put on my file even though she has a different ss number and dob. All of my legal documents and business accounts are in my legal name which is  XXXX   XXXX  I 've been dealing with this for over 6 months, and could not apply for a mortgage as this information is incorrectly reported by equifax. Please help me I 'm not rich enough for further lawyers and fees.",
5583,"As of XX/XX/year>. Cash app support states account is locked for identity verification / protection. Stated issue would be resolved with in 24-48 hours. Still has not been resolved. My account is locked/ frozen with my funds not being accessible, nor has any of my bill payments been able to get payed. Need access to funds in account asap",
5590,"I would like the assistance of CFPB in contacting Citibank Item 1 : I have been charged credit protector fees for several of my credit card accts. I have only received credit for those which I have brought to the attention of CFPB. I have never received credit for my account am I referencing on this complaint. 
Item 2 In 2015 I paid Citibank on account {$9500.00}, I only had charges totaling {$1400.00} see attached information is taken directly from Citibank st my statement. They gave me a credit but kept my overpayment. I am asking for an immediate explanation. I have called XXXX XXXX several times. She does not answer the phone. She sent a bunch of old statements but my overpayment and some of my credit protector refunds are st still pending. They only gave me credit for accounts I requested. They did not give me credits for all accounts in my name. 
I hope that they read what I have written and reach a conclusion. 
Citibank has partially cooperated since CFPB has gotten involved with my account.",
5596,"While my student loans were discharged through the PSLF program, my payment count was not correct and has not been corrected in the last year that I've been asking for help. I had an additional 22+ payments ( roughly $ XXXX {$14000.00} worth ) that were never applied. I have made dozens of calls to MOHELA and the Dept. of Ed. to try to get help and resolve the issue. I have filed complaints, reconsideration forms, talked to dozens of customer service reps, and have seen no resolution. 
XXXX was my original servicer. Apparently I reached XXXX qualifying payments in XX/XX/2021, during the time XXXX was my servicer, and prior to being transferred to MOHELA. I'm not sure if that is where the problem lays, but these three agencies don't seem to be able to work together to resolve this issue!",
5601,"My account was closed based on fraudulent activity I didnt know that I was been scammed threw XXXX the amount was in minimum dollars and not in higher dollar amounts I didnt do that purposely to my account to closed how would I know that I was been scammed by scammer. 
I try to talk to Huntington Beach manager and explain the situation but they denied to listen and refused listen to me solve the issue",
5604,"I was rushed into agreeing to an installment plan without the knowledge of the contract. I have not received any treatments or paid anything to the company yet. The company is refusing the closure of the plan. I was harassed by sales representatives online and only wanted a price quote but was hurried into the installment. This happened on XX/XX/, I am filing this report on XX/XX/.",
5605,"On XX/XX/year>, XXXX XXXX  : XXXX PAY TO THE ORDER OF BANK OF AMERICA in the amount {$81000.00}. Account number XXXX. And I further obtain A certified letter from the XXXX XXXX verifying that there is no lien on my property and/or my estate name, ref # XXXX. XXXX Bank of America, XXXX, XXXX, XXXX are making false and misleading reporting and they stole my identity sharing it with third party agencies without my consent. 
XXXX XXXX XXXX making false and misleading reporting on my credit report under account number XXXX. I have proof there is no lien under my estate name. 
here is a fax confirmation Registered Mail number XXXX XXXX XXXX XXXX XXXX for private Bank irrevocable letter of credit in the amount of {$81000.00}. Payable to Bank of America on XX/XX/year> 2024",
5608,"I broke my lease with XXXX in XX/XX/2021 due to security circumstances. I had to pay a debt to break my lease. I have been having communication issues with them due to their negligence on correcting my online account to pay my bill online. I paid the first portion by money order in person ( this was a 30 minute commute for me ) after I addressed them that if they don't fix this I will have it reported, they finally fixed my online account so I was able to pay the final portion of my bill in XX/XX/2021. However, I was still receiving emails from their parent company. I informed them by email again that I paid my bill and if these emails continue I will report them, so they stopped. However, when I checked my mail today ( XX/XX/2021 ), they apparently sent my "" balance '' to a collections company. This is false because I have emails, screenshots, and even I can show you a screenshot that this money was withdrawn from my account to XXXX. They have the money. I don't know what they did with it but considering I did my part, it is not fair that they are demanding money that I don't owe them. After many attempts to warn them of this abusive behavior, I'm now forwarding this as a complaint. I also would like to add that this rental property has a reputation in XXXX of taking advantage of people in the poverty line. They would do all they can to take your money and now I can show my story, because they are trying to do this me, even though I paid my bill.",
5612,"I am disputing Chase Bank 's denial of claims totaling {$770.00} ( {$270.00} via XXXX and {$500.00} via XXXX XXXX ). Chase denied the claims stating I 'authorized ' them. However, these were Induced Transactions obtained through False Pretenses and active XXXX XXXX.",
5615,"A check from a water company in Illinois payable to a leasing company in Minnesota for {$2300.00} cleared the checking account I hold jointly with my husband. Fifth Third took this money from our account instead of the water companys account. The bank stole our money from our joint checking. 

The check that cleared has nothing to do with us or our account. The companies involved have nothing to do with us. The account number of the check and our account arent even close. 

This happened on XX/XX/XXXX, I called the bank on the XXXX. Took almost 2 hours back and forth between the dispute department and customer service to finally get a claim number. I was told it would take a couple of days to fix. Not fixed this morning on day 2 so I called again. 

Apparently the case was denied and closed!! 

Meanwhile this whole time my account is overdrawn and getting overdraft fees. They took the overdraft fee off today and submitted a new claim. Said it would take at least 3 business days to hear anything. That is 5 more days because it is now Thursday.

So I may hear back, and it may be fixed, next Monday - 11 days after they first fraudulently took money from our account - I am not holding my breath. 

I would like the money to be returned to our account immediately.",
5619,"I paid off my capital one credit card XXXX and it has been inactive since, I have charged {$0.00} to the card since payoff. The company assessed an annual membership fee of {$39.00} and I was charged +200 % in fees with negative credit reporting threats.",
5621,"I sent a letter onto remove items that is UNKNOWN to me. I came across this law today and according to the Per FCRA 605B ( 15 U.S.C. 1681c-2 ) you are required to remove/block any items or information not later than XXXX XXXX XXXX Ive already included this in my previous Complaint & I am including it again., XXXX XXXX XXXX  Balance : {$2400.00} XXXX XXXX XXXX XXXX  Balance : {$3100.00} XXXX XXXX XXXX Balance : {$13000.00} XXXX XXXX XXXX Balance : {$0.00} XXXX XXXX XXXX Balance : {$0.00} XXXX XXXX XXXX Balance : {$6600.00}",
5636,"MOHELA - Cash Loan : I am a cosigner. My daughter made a payment at 22 days past the due date on XXXX/XXXX/2016 via phone. I received a call at XXXX Central time today from MOHELA attempting to collect this debt. They did acknowledge that the payment was made on XXXX XXXX and that they could "" see the payment in their system ''. However, they could not "" verify '' that the payment was made which resulted in the phone call. I asked that they log my concerns regarding this call as a complaint. Loan was for my Daughters education at XXXX XXXX University , XXXX XXXX MO.",
5640,"I am writing because MOHELA is having significant issues in handling my XXXX XXXX XXXX XXXX. 

My Award message was sent to MOHELA XX/XX/23 - after XXXX days, the request was cancelled because that is XXXX ' policy. MOHELA did not process the request to make the payment. And now, MOHELA will not explain why they did not open or process this information. 

I called in XXXX to verify the correct address to send the XXXX information. The XXXX hotline told me that all loan service providers should have an XXXX Admin who knows how to process these kinds of unique circumstances. MOHELA has denied the existence of one and refused to give out any contact information for an individual person to contact with this. They did give me an address, which I conveyed to XXXX, and that's where it was sent. 

Now that MOHELA is being asked to say why they didn't process things in XXXX  days, they still will not provide an email to a person for XXXX to work with. A person has to submit a letter stating why it wasn't processed in order to reissue the payment. In the meantime, my Award has now expired- which means that if MOHELA does not explain why they didn't do their jobs, I will lose my entire Education Award for my XXXX XXXX XXXX XXXX XXXXXXXX. 

I have called MOHELA repeatedly, even had a three-way call with XXXX  and MOHELA, and have routinely be ghosted by being sent to a 'supervisor 's line ' and then I either have the phone ring indefinitely or I am told someone will call me back, but that has only happened once. Their processes and wait times are ridiculous and they are showing ineptitude at every turn regarding servicing loans for the Department of Education.

MOHELA also said they would conduct an investigation, stating XXXX business days to complete it. This was on XX/XX/23 and they have not completed the investigation yet nor have they said why they haven't completed it. I was just told that it 'was n't finished yet. '",
5648,"In XXXX, I called my loan servicer, Edfinancial to request a refund for payments I made during the national emergency student loan payment pause, totaling {$1400.00}. Edfinancial would not give a timeline for processing of the refund, but said they would submit it to the Department of Education. I later noticed my loan balance had been increased by {$570.00}. I have not received any form of reimbursement, and my loan records show no indications of a pending refund. On XX/XX/2022, I called Edfinancial to inquire about the discrepancy in the adjusted balance. I was told that a request had been sent to the Department of Education for {$570.00}. Upon review, the agent at Edfinancial saw the mistake and said they would correct the refund request to reflect the correct amount as {$1400.00}. I clarified with the agent that they would not be requesting {$1400.00} and was assured that only the difference would be requested. On XX/XX/2022, my balance had once again increased, but by {$1400.00} on top of the initial {$570.00}. Calling on XX/XX/2022, Edfinancial has not been able to correct the situation. 

Edfinancial 's error is artificially inflating my debt, doing tangible harm negatively impacting my credit report. I'm additionally concerned that the {$570.00} increase does not reflect the actual refund of a loan, and Edfinancial has been unable to tell me how this increase is divided amongst my loans, which have varying interest rates.",
5652,"So basically XXXX XX/XX/XXXX at around XXXX am, I attempt to withdraw XXXX dollars from cashapp at an ATM inside of a drugstore. And oddly enough the ATM says i have insufficient funds, so i try and open up cash app on my phone, but its randomly deleted. So i redownload the app and my balance is at {$00.00}, i check my transactions and it says at XXXX XXXX a payment of {$150.00} dollars was made to a account named XXXX XXXX XXXX I contacted them several times trying to resolve the issue and was told a dispute has been issued, But then was told the very next day ( today ) that this dispute has been denied. I've contacted cashapp support several times requesting an explanation but always am told I will receive an email containing documentation but never receive anything. I am pretty much being told everything at this point that doesn't reguard why my dispute has been denied. Cashapp has failed me miserably .please help",
5653,"I dont know what this exactly is. I tried to open an account and got report from XXXX and Bank of America Missouri came up with an account that was reported for suspected fraud on XX/XX/XXXX. It further states that all amounts have been paid in full and closed on XX/XX/XXXX. I have not been in Missouri for almost 10 years. My Ex Wife lives there and dont know if she tried to open something. 

Bank of America Missouri XXXX. XXXX XXXX XXXX XXXX, MO XXXX RTN : XXXX Acct : ending XXXX Amount {$3400.00} Closure Status : Paid in Full I have never had any accounts with Bank of America during this time nor was I living in Missouri and am currently dealing with someone stealing my identity in XX/XX/XXXX. I have other accounts that were opened and was incarcerated in XX/XX/XXXX until XX/XX/XXXX. 
How can I have this removed so I can open a checking account? 
There is not any number to call or anything regarding this. Please Advise Thanks",
5660,"Randomly around XX/XX/XXXX or XXXX, my Klarna Debit card would not allow me to withdraw funds transfer funds or even use the card on my phone anywhere I would try to use it at. it sent me a page that said I needed to verify my identity using my passport ID or drivers license and upload a selfie. I did this so many times I cant even count and it still said they can not verify my identity and it said it helps if I update my profile information so as XXXX that was, I had no idea what it meant so I called customer service. I tried with customer service for about a few days and did every possible thing. They asked me to do such as make sure my address on my ID card matches my XXXX XXXX credit report and matches my account. and I tried to send to a bank account. I tried to cancel the card, and I even was given permission that the people who had the authority to just approve my account anyway even if you could not verify my would do that but it never happened. They keep giving me different time. Frames of XXXX will be solved and I really need that money because it is affecting my library in my ability to pay for a place to live and eat and simply just live my life. The last time I spoke with him was today, XX/XX/XXXX and they said I have to wait XXXX hours for my credit report to update. I even file a dispute with XXXX XXXX and talk to them through chat, but still nothing has changed.",
5664,"Greetings, My name is XXXX XXXX, I am currently writing a complaint regarding the credit reporting agencies reporting inaccurately. XXXX XXXX Transunion and all other consumer reporting agencies. Please see attachments. 

Please remove all addresses that are not my main residence. XXXX XXXX XXXX XXXXXXXX XXXX XXXX Also, remove all misspellings of my name. It is XXXX XXXX XXXX, not All these names listed on the report. Attached is my Drivers license as well. Id greatly appreciate these efforts to be executed within ten days, as its been over a month since Ive sent the letters via certified mail. 

Also please honor all on time payments, As Any credit reporting regardless of on time payments is still a violation of privacy. Privacy Act of 1974 prohibits. Monetary relief is requested upon this claim for all CCTs reported. including the reporting of XXXX XXXX bankruptcy XX/XX/XXXX and XXXX XXXX bankruptcy XX/XX/XXXX, continues to report. Ive Never given any written or authorization to report. This is heavily in my way of utilizing the full faith and credit the United States backs me with. 

Refer to : 15 U.S. Code 1681a - Definitions ; rules of construction 2. EXCLUSIONS.Except as provided in paragraph ( 3 ), the term "" consumer report '' does not include ( A ) subject to section 1681s-3 of this title, any ( i ) report containing information solely as to transactions or experiences between the consumer and the person making the report ;",
5665,They held or payment for two weeks and did not cash it until the day after the judgement so they we would have to pay them more then the original amount even though we sent the check certified mail so we know they received it two weeks before the court date,
5673,"I have several deferred-interest promotional balances from different dental and dermatology offices under my CareCredit XXXX XXXXXXXX ( issued by Synchrony Bank ) . Each promotion has a different expiration date. 

However, the online system and mobile app only show a total combined balance and one minimum payment amount. There is no option to select or apply payments to a specific promotional balance, even if one is about to expire. Payments are automatically applied wherever the bank decides, not where the customer intends. 

The only way to target a specific promotional balance is to call customer service and request manual reallocation, which is not practical for ongoing monthly payments. As a result, customers can not manage their promotional balances or prevent retroactive interest charges and you only find out something is wrong after interest is charged or an issue appears on your statement. 

This system is not transparent or consumer-friendly, because it hides critical information and control from customers. I am requesting that Synchrony Bank be required to make its platform more transparent clearly displaying all active promotions, showing expiration countdowns, and allowing payments to be applied directly to a specific promotional balance.",
5684,"Discover closed my accounts directly based on other bank closing my account. They will not send me information why they closed my account beside business decision. But this decision was made on wrong facts and are discriminating against me after having perfect payment history for over 5 years with their financial institution. I was told over phone by other bank I was involved with some type of money laundering which couldn't be any further from the truth. I would never do such a thing and I have over 5 years of perfect payment history of all my accounts and good credit scores. So please reissue my accounts because this closure was based on wrong information gathered from other source. Please provide any wrongdoing on my part if thats what you based your decision on if not please reopen my 2 accounts asap. 

Accounts ending in XXXX, XXXX",
5686,"On XX/XX/XXXX, I processed a transaction through PayPal. I only learned after the transaction that PayPal automated the wrong account ( an account that has not been used in several months and had since been closed ). Immediately, I processed the transaction with the current bank account ( resulting in a duplicative payment for the same thing ) and called paypal right away to state that they were not authorized to use my old, closed account as an automated preferred method of payment for the first transaction. My recent paypal transaction history is clear as to which account is supposed to be automated ( the current, open account ).

Within minutes of the first transaction being processed, I tried to have paypal cancel that transaction, which they refused. I had no choice but to file a dispute that same day, XX/XX/XXXX, which was later denied. Today, I went to pay a different merchant and I only learned in my email confirmation that they UNILATERALLY added the {$160.00} negative balance they credited against me for the wrongful transaction that they honored on XX/XX/XXXX, which results in paypal charging me in a completely unauthorized way. I want paypal to refund the {$160.00} for the transaction that they should have canceled on XX/XX/XXXX, as requested. 

The upload shows the dispute that I filed the same day the wrong transaction was processed since PayPal simply wouldn't cancel the payment. They denied my dispute, yet later charge me for it. Another upload shows what I saw when I paid a merchant ( at no time did it state that I would be paying for extra charges related to the previously disputed transaction ). I only learned of it via the attached email confirmation sent AFTER they charged me.",
5688,"On XXXX of XX/XX/XXXXi open an account on the portal Transferwise. I used it to receive and make payments of my clients. Everything was allright till XXXX that i realized that the account has been closed without any notifications. Till then i have been trying to recover my money without notice. 
Send some mails and the answer is that they are doing some compliance but i think that the they are taking a lot of time to do the work. 

Thanks",
5691,"I am filing a complaint against Cash App ( Block Inc. ) due to inadequate customer service and unfair practices, which violate the Consumer Financial Protection Act ( CFPA ). Specifically, Cash App failed to take timely and effective measures to prevent and address fraud on their platform, leaving my account vulnerable and unprotected. Furthermore, their dispute resolution process was unfair and deceptive, as they did not comply with error resolution requirements under the Electronic Fund Transfers Act ( EFTA ) and Regulation E. These actions have caused significant inconvenience and financial loss, and I seek appropriate redress for these violations.",
5694,"Hello, I was notified in late XXXX of 2024 that we were part of the Data Breach of LoanCare. We have our mortgage through the company. Ever since this data issue in the months following I had major issues trying to pay my mortgage due to there website going down and then during one of the months it tried double charging me which then we had to cancel the payment with the bank for the one and have to wait to repay it another way entirely and I was told numerous times by representatives when I was able to reach someone that I would not have anything reported to the credit bureau because this was out of my control but yet they placed it on my credit report and refuse to remove it. Ive attached the letter from them showing I was affected by the data breach. Ive reached out to them via letters and they responded back stating they found no evidence and would not do anything further for me. There is actually an entire group of individuals like myself who have had these same issues like myself going through this same thing. I just want the months of XXXX, XXXX, and XXXX removed from my credit report as showing delinquent as this is inaccurate when I did not do this, and this was my not fault and out of my hands due to the data breach and operation issues they had on there end with there applications!",
5695,"I am submitting this complaint because a debt collector is attempting to collect and report an alleged debt without providing lawful validation as required under the FDCPA ( XXXX U.S.C. XXXX ), Regulation F ( XXXX XXXX XXXX ), the FCRA, and New Jersey state laws, including the NJ Consumer Fraud Act and the NJ Consumer Finance Licensing Act. I formally disputed the alleged debt and requested full validation, including : identification of the original and current creditor, a signed contract or compliant electronic agreement, itemized accounting of all amounts, complete chain of assignment/bills of sale listing my specific account, original statements, proof of charge-off, proof the debt is within the New Jersey statute of limitations , proof of an active NJ debt collection license, and evidence their initial notice met all Regulation F disclosure requirements. The collector has * * not provided legally sufficient verification * *, and instead continues credit reporting and/or collection activity. Reporting and collecting on an unverified debt violates FDCPA XXXX ( b ) and FCRA XXXX ( a ) ( XXXX ), as well as New Jersey laws prohibiting deceptive or unconscionable practices under XXXX. XXXX. Until full validation is provideddirectly from the original creditor, not internal summariesthe collector is required to cease all collection efforts and stop furnishing negative credit information. Failure to do so constitutes continued violations of federal and state law. I am requesting CFPB assistance to : 1. Require the collector to provide full and complete validation ; 2. Ensure they cease collection until validation is supplied ; 3. Correct or remove any unverified credit reporting ; and 4. Ensure compliance with FDCPA, Regulation F, FCRA, and New Jersey statutes.",
5703,"I have had a US Bank account, of some kind, for more than 40 years. I have been satisfied with their service, until I received a deceptive offer to apply for a credit line limit increase. 

A couple weeks ago, I received a pre-approved credit line increase and was provided a special pre-approval code. My credit score, according to US Bank last week, is XXXX and remains unchanged. 

After deceptively enticing me to apply for this pre-approved offer, US Bank did a hard pull of my credit and then declined the pre-approved offer, even though my credit score remained unchanged at XXXX. 

Now, my credit score has, in fact, been damaged by US Banks intentional deception. This review has been submitted to the CFPB, the XXXX, and the Washington State Attorney General Office.",
5704,"received an email from a lawyer saying i owe xxx.xx, they said they tried contacting me numerous times with failed attempts. it also states that they were going to withhold my checks and contact my job/references to let them know what was going on. they stated i had 12 hours to reply to set up payment arrangements if not then they would take me to court to pay xxxx.xx. i ended up contacting the said place & they have no record of any loans by me. also looked up address that was on email & found a phone number, decided to call & they mentioned that the address doesnt match where they are located. woman on phone said it was a scam & to report it to you guys.",
5705,"Very concern about my overall mortgage payment. {$2700.00} This should never been the number please contact me I am very concerned. This was not what I negotiated with I feel there are problems with this. 

I was at XXXX That was what I signed up for in XXXX of 2024. It has not been a year and the numbers fluctuate even {$2800.00} really badly.",
5727,"I am writing to formally express my concerns regarding Zelles handling of disputes, particularly in light of the recent CFPB lawsuit highlighting significant issues with the platform. Despite using Zelle numerous times and reporting discrepancies, my financial institution and Zelle failed to investigate my claims adequately. They informed me that recovering lost funds was impossible and that tracking these transactions was unfeasible. The CFPBs findings indicates that Zelle has not only neglected to protect consumers but has also allowed repeat offenders to exploit the system, leaving users vulnerable to scams. This lack of accountability and transparency is unacceptable and raises serious concerns about consumer safety.",
5731,"I have two inquiries on my consumer report that I didnt do. I tried calling each companies they told me it was nothing they can do. I called transunion they told me it was nothing they can do. I have two inquires that are unauthorized. 

XXXX XXXX ( Finance ) XXXX XXXX XXXX ( Bank )",
5735,"In late XXXX, a vendor ( XXXX XXXX XXXX ) returned a bill pay check to me without having deposited it ( I had accidentally paid them twice ; once with credit card so they returned the check ). I called Capital One on XX/XX/XXXX to ask how to get the funds re-deposited into my checking account. The call got dropped a few times and, in the interim, I sent XXXX messages to the bank ( see attached ) and was told to mail the check to the bank. I did that the same day. Ultimately, a phone representative told me the check would be cancelled and re-deposited. 

When the funds were not re-deposited in a few weeks, I called back a few times during the month of XXXX and was told I need to keep waiting for the re-deposit to be completed. I called several more times and each time I was promised a call back in a few days ; I never once got a call back. 

Finally today ( XX/XX/XXXX ) I was told that on XX/XX/XXXX the check was cleared by XXXX XXXX. I don't see how that's possible given ( 1 ) I was told on XX/XX/XXXX the check would be cancelled ( see attached ) and ( 2 ) I mailed the un-deposited check back to Capital One at the address provided on the same day ( see attached ). I also wasn't told about the check clearing on XX/XX/XXXX on all of the other calls between mid-XXXX  and today. The phone rep wouldn't even listen to my explanation above and basically said I was a liar. I have better things to do than defraud Capital One over {$140.00}. Indeed, I think I will use that time to look for a new bank that trusts and listens to its customers.",
5736,"I deposited {$200.00} and then deposited {$530.00}, and then the atm stopped working and none of my money was deposited and the bank wasnt able to retrieve my money. I talked to the people inside the bank and called the service hotline on my phone and made a claim, but wasnt able to receive my money. I am owed {$730.00}.",
5740,"On Saturday morning, XX/XX/XXXX i enter capital ones cafe and spoke with a cafe ambassador about how to deposit my check and when to expect my funds. The cafe ambassador. walked me through the process And I deposited my check. I later received an email stating the deposit was successful and the funds would be the positive on the XXXX of XX/XX/year>. A deposit of {$270.00}. And on XX/XX/year> A deposit of {$6400.00} would be deposited. And the remaining balance of a {$1900.00}. And XXXX cents, would it be deposited on XX/XX/year>. I woke up XX/XX/year> and started to file my annual report For my 2 LLC 's and I checked my capital. One account balance and the XXXX. It was not deposited. Which is a clear violation of the law ( 12 CFR part 229 subpart B ). I reached out to Capital One over 10 times speaking with supervisors. And I even emailed the CEO of capital, one. Explaining that I was facing a hardship possible, eviction, definitely late fees. And lights and water being turned off. XXXX, XXXX inform me that they would b placing a hold and not releasing the {$270.00} that's required by law 12CFR part 229 subpart B Nor the full amount until XX/XX/XXXX.",
5744,"Over the past four months, Coinbase has charged me {$29.00} per month for their Coinbase One subscription, totaling approximately {$120.00}. I never knowingly enrolled in this subscription and did not authorize these charges. I was not notified that I would be enrolled, and I did not give my consent to be charged. I only discovered these charges recently when reviewing my account history. 

I contacted Coinbase to dispute the charges and request a refund, but they refused, stating that Coinbase XXXX subscriptions are non-refundable. I asked them for proof that I had authorized or enrolled in the subscription ( such as a confirmation email, consent log, or IP address ) but they did not provide any proof. Coinbase was unable to demonstrate that I agreed to this subscription in any form. 

I then attempted to dispute the charges through my bank ( XXXX ). I explicitly told them that these were unauthorized transactions and explained that Coinbase support could not provide evidence of my authorization. Despite this, XXXX denied my claim stating that I have a responsibility to monitor my account. 

This does not address the fact that I did not authorize the subscription in the first place.. I feel that XXXX did not investigate the matter thoroughly and failed to act in good faith in accordance to their unauthorized charges policies. They placed the burden entirely on me without holding Coinbase accountable to provide proof of authorization.",
5749,"I XXXX XXXX XXXX, as the duly appointed Subrogee and Executor of the XXXX XXXX XXXX XXXX XXXX  ( and any and all derivatives spelling ) have been seeking for immediate action and fiduciary trusteeship oF EQUIFAX due to erroneous information reporting on our credit profile, false and misleading information, defamation of the character and breach of privacy on the estate. EQUIFAX has failed to properly remedy and investigate this matter. SEE ATTACHMENTS for further detailed and all notices and documents that have been sent to EQUIFAX, including USPS tracking number and screenshot of date of delivery. You EQUIFAX are reminded of your fiduciary obligations under trust law, which obligate you to act in good faith and protect the interests of the Beneficiary ( XXXX XXXX XXXX ). One of the principles of equity is "" One who comes to equity must come with clean hands ''. EQUIFAX has a fiduciary RESPONSIBILITY to be in honor and act in good faith. Im expecting no more than 5 ( five ) business days for our credit file to be updated with the accurate information and status [ SEE ATTACHMENTS ], as it should have already been. Another principle of EQUITY is "" Equity recognizes what should have been done as already done ''",
5763,"On XX/XX/year>, I received an email from XXXX stating that my mortgage payment had not been received. My portal showed auto-pay as active and enrolled, so I immediately contacted AmeriHome to report the issue, trusting that auto-pay was active as displayed and that AmeriHome would resolve the processing error. I followed up again on XX/XX/XXXX, but did not receive a response until XX/XX/XXXX, after the XXXX late threshold had passed. In their XX/XX/XXXX response, AmeriHome confirmed in writing that auto-pay was assigned a start date of XX/XX/year> rather than XX/XX/year>, and that because of this the payment did not process for XXXX as expected. AmeriHome also confirmed that auto-pay enrollment was no longer active on the account and apologized for the confusion and inconvenience. Upon receiving this response I immediately submitted both XXXX and XXXX payments. Despite AmeriHome 's own written confirmation of the auto-pay start date discrepancy and their apology for the confusion, AmeriHome reported a 30-day late payment to all three credit bureaus, resulting in a XXXX drop to my credit score, which had zero prior late payments. I formally disputed this with AmeriHome on XX/XX/XXXX and received no response for weeks. I then filed disputes with all three credit bureaus. All three denied my disputes because AmeriHome continued to verify the late payment as accurate despite their own written confirmation of the auto-pay start date discrepancy. This mark is causing severe financial harm.",
5766,"I Pay my loan on the first of every month and if that day is a weekend or a holiday I pay it before the first. Every single month they add about XXXX to XXXX  days of interest and even though this is an electronic payment, they dont count my loan as paid until many days later, so Im paying all the additional interest, every single loan Ive ever had the money that is electronic is taken out the same day if its not a holiday this is criminal.

I called him and told him they just said well we dont take it out the same day thats baloney what theyre doing is just trying to get more cash in their pockets. Can you remedy this situation? Capital One auto finance XXXX",
5769,"XXXX XXXX XXXX XXXX XXXXXXXX  XXXX XXXX XXXX XXXXXXXX XXXX Ny XXXX XXXX XXXX XX/XX/XXXX Chex Systems , Inc . 

Attn : Consumer Relations XXXX XXXX XXXX XXXX, MN XXXX Subject : Dispute of Reported Information Dear Consumer Relations, I am writing to formally dispute the accuracy of the information reported on my Chex Systems consumer report associated with my Consumer ID. I have reviewed my report and found several accounts that I believe are not mine. 


The specific accounts I am disputing are : Account from XXXX XXXX XXXX - Reported Name : XXXX XXXX - Reported Address : XXXX XXXX XXXX XXXX XXXX, XXXX, TX XXXX - Date of Closure : XX/XX/XXXX - Original Charge Off Amount : {$1800.00} account # XXXX I request that you provide documentation proving that these accounts are indeed mine. Under the Fair Credit Reporting Act, I have the right to dispute inaccurate information, and I am requesting that you send me proof of these accounts within 7 days of receiving this letter. If you are unable to provide such documentation, I request that you delete these accounts from my report. 


Please send your response to my address listed above. Thank you for your prompt attention to this matter. 


Sincerely, XXXX XXXX",
5771,"XXXXI am filing this complaint against PayPal for mishandling a dispute related to unauthorized charges on my account. The case number is XXXX XXXX XXXXI was the buyer/account holder, and two unauthorized transactions (totaling over $200) were withdrawn from my account. I filed a dispute through PayPal, and it was originally decided in my favor. Later, I was told the refund would not be issued because Im not protected under Seller Protection.\n\nThis is clearly a mistake, as I was not the seller and did not receive any money. I lost money from my account, and I filed the dispute as the victim of unauthorized charges.\n\nPayPal now says the transaction is part of an external chargeback, but has not explained how or why that affects my refund especially when I never received any funds.\n\nI have contacted PayPal multiple times and asked them to reclassify the case under Buyer Protection, which would apply in my situation, but they have refused. I am requesting the CFPBs assistance in getting my funds restored and having PayPal comply with its own Buyer Protection policies.'",
5775,"I have had a XXXX credit card for several months. I set up auto pay as I travel frequently and do not want to miss a payment. I recent ; y returned from an extended trip as I had lost my job to find that three months of charges, totalling {$12000.00} had not been paid. As a result of this i am being charged almost {$1000.00} in fees and interest. 
I conatcted Wells Fargo who manage XXXX 's processing and they claim there is nothing that they can do and that is a XXXX problem XXXX have not responded after several days of attempting to contacrt a live person. 
The charges were from XXXX, XXXX and XXXX of this year",
5785,"They reported a late payment of {$41.00} dollars that impacted my XXXX credit and I always my bills in time and has impacted my score tremendously as of XXXX XXXX  by Verizon syncs/Verizon creditor . Tried to dispute but no answer In according to the fair credit reporting act convergent account, has violated my civil rights. 
15 USC 1681 section 602 states I have the right to privacy.

15 USC 1681 section 604 A section 2 : it also states a consumer reporting agency can not furnish an account without my written instructions.

15 USC 1666B : a creditor may not treat a payment on a credit card account under an open end consumer credit plan as a late for any purpose.",
5787,I am a part of the haf program and my payments are supposed to be being paid by this program I had to extend my Covid forbearance because the payments from XXXX and XXXX have yet to be posted today is XX/XX/23 so I will basically be going into XXXX  3 months behind,
5791,"I believe that New American funding is holding customers monies and delaying making payments in order to hold more money in their accounts so they can make more interest on a larger amount of money. My loan was supposed to fund on XX/XX/XXXX and they are still holding about {$11000.00} and doing nothing but making excuses for not sending the money to XXXX XXXX to pay off the my loan. They never sent a check as they said and they were supposed to do a wire transfer on Monday XX/XX/XXXX but that still hasn't happened. If they hold other customers funds and keep making more interest than they should, this is not right and I consider this theft. They have been holding my money for 20 days now and making interest on my money. I will never use this company again, this is the worst experience with a loan company that I have ever had. 


XXXX XXXX Fri, XX/XX/XXXX, XXXXXXXX XXXX ( 4 days ago ) There is absolutely no reason why a wire transfer can't be made, I'm tired of excuses. Please have your supervisor call me ASAP XXXX XXXX XXXX Fri, XX/XX/XXXX, XXXXXXXX XXXX ( 4 days ago ) Please. Let me know when that takes place. 

XXXX XXXX XXXX Mon, XX/XX/XXXX, XXXXXXXX XXXX ( 12 hours ago ) to XXXX I was never contacted today saying that the wire transfer had been taken care of. I just checked my XXXX XXXX account and I am really curious to hear what excuse you guys come up with. Someone call me ASAP and let 's get a supervisor on this call.",
5792,"15 USC 1692c ( c ) - "" That law Clearly states that '' "" If a consumer notifies a debt collector that the consumer refuses to pay a debt the debt collector must CEASE ALL Communication '' Credit collections Services Acct # XXXX",
5802,"I was looking at my report and noticed there were still some things that were not correct. I sent a letter to Transunion, but it has been more than several weeks, and Transunion still hasn't responded to my letter. That is surely a violation of 15 USC 1681i ( a ) ( 1 ) ( A ) Under 15 USC 1681i ( a ) ( 1 ) ( A ) Subject to subsection ( f ) and except as provided in subsection ( g ), if the completeness or accuracy of any item of information contained in a consumer 's file at a consumer reporting agency is disputed by the consumer and the consumer notifies the agency directly, or indirectly through a reseller, of such dispute, the agency shall, free of charge, conduct a reasonable reinvestigation to determine whether the disputed information is inaccurate and record the current status of the disputed information, or delete the item from the file in accordance with paragraph ( 5 ), before he end of the 30-day period beginning on the date on which the agency receives he notice of the dispute from the consumer or reseller.",
5807,"I am filing a complaint against Cash App ( Block , Inc. ) due to inadequate customer service and unfair practices, which violate the Consumer Financial Protection Act ( CFPA ). Specifically, Cash App failed to take timely and effective measures to prevent and address fraud on their platform, leaving my account vulnerable and unprotected.

Furthermore, their dispute resolution process was unfair and deceptive, as they did not comply with error resolution requirements under the Electronic Fund Transfer Act ( EFTA ) and Regulation E. These actions have caused significant inconvenience and financial loss, and I seek appropriate pres ( Block, Inc. ) due to inadequate customer service and unfair practices, which violate the Consumer Financial Protection Act ( CFPA ). Specifically, Cash App failed to take timely and effective measures to prevent and address fraud on their platform, leaving my account vulnerable and unprotected.

Furthermore, their dispute resolution process was unfair and deceptive, as they did not comply with error resolution requirements under the Electronic Fund Transfer Act ( EFTA ) and Regulation E. These actions have caused significant inconvenience and financial loss, and I seek appropriate redress for these violations.",
5808,"XX/XX/XXXX I requested a current informational mortgage statement. The one they sent was a statement back from XX/XX/XXXX. 

XX/XX/XXXX contacted the company and was given an email address and a current informational statement would be sent. 
XX/XX/XXXX loan XXXX contacted the company and told her to tell me to sign a document, The document was signed that day. Nothing was sent XX/XX/XXXX requested an informational statement XXXX sent to me was the statement from XX/XX/XXXX I have spoken to countless staff and my mortgage company since mid XXXX and have been given nothing but the run around. 
I need the current statement for a loan I desperately need",
5827,"Dear Sir/Madam, I am writing to inquire about the status of a payment I made on XXXX in the amount of {$26000.00} USD from my account at XXXX XXXX  XXXX The beneficiary was XXXX XXXX XXXX, XXXX, whose account is held at XXXX XXXX XXXX  XXXX XXXX. JP Morgan Chase Bank was listed as the intermediary bank in this transfer. 
I recently learned that XXXX XXXX  has been designated under Executive Order 14024 as of XXXX XXXX, XXXX, which may have resulted in my payment being blocked. In order to unblock the payment, I need to apply for a special license from OFAC. However, JP Morgan Chase Bank has not informed the sending bank of the date of the blockage. 
On XXXX, XXXX XXXX  attempted to contact JP Morgan Chase Bank via XXXX to clarify if the payment was blocked and reported to OFAC, but have not received a response. As a result, I am unable to apply for the necessary license from OFAC. 
I kindly request your prompt assistance in resolving this matter and providing information on the status of my payment. Thank you for your attention to this issue. 
Sincerely, [ XXXX XXXX. ]",
5833,It wasn't so much a purchase. It was some of my available credit balance disappeared the next day without making a purchase. I had {$550.00} available on XX/XX/year>. And on XX/XX/year> I had {$500.00}. I check my credit card everyday if not many multiple times a day. I know exactly how much money I had to spend on the credit card. And when getting help with the credit card through Navy Federal they just became super defensive. Every time I make a purchase on the credit card the available credit status gets updated immediately. I even proved that while on the phone with a representative that's arguing with me about that. I made a purchase while on the phone and the available credit balance immediately updated.,
5836,"This complaint is regarding Cashapp account XXXX. This is yet another complaint concerning the abhorrent and non-existent customer service from Cash App, owned by Block INC. Since the middle of XXXX Cash App has been declining purchases despite possessing a sufficient balance in the account. Cash App is refusing to resolve the issue, and provides no professional support whatsoever. I have demanded a response from this company and the company has deliberately refused to respond. This company does not have XXXX XXXXased support, despise being a XXXX based company, and refuses to resolve outstanding issues ; irrespective of how many times a consumer files a complaint with a consumer/regulatory agency.",
5843,"To Whom It May Concern, I am writing to formally lodge a complaint regarding Zelles inadequate handling of consumer disputes and its failure to properly investigate fraudulent transactions. My concerns are further supported by the recent Consumer Financial Protection Bureau ( CFPB ) lawsuit, which highlights systemic deficiencies in Zelles consumer protection practices.

Despite having used Zelle numerous times and promptly reporting transaction discrepancies, both my financial institution and Zelle failed to conduct a thorough investigation into my claims. I was informed that the recovery of lost funds was impossible and that the transactions in question could not be tracedresponses that, in my view, reflect a lack of due diligence and disregard for consumer protection obligations under federal law. 

The CFPBs findings indicate that Zelle has not only neglected to safeguard consumers from fraudulent activity but has also permitted repeat offenders to continue exploiting the platform. This lack of oversight has left consumers, including myself, vulnerable to scams and financial harm, without meaningful recourse or restitution. 

I respectfully request that this matter be reviewed in light of the CFPBs recent action and that appropriate steps be taken to ensure full investigation, accountability, and consumer protection.",
5852,"I have a checking account with Chime Mobile Banking. I have been fighting several charges for fraud since XXXX of 2023 totaling over {$4000.00}. I have submitted large amounts of evidence and a police report but all my claims have been denied with no explanation. The only person you can talk to with the bank is customer service which is outsourced to XXXX. They do not understand my issue, they just try the same thing every time, and they are never able to give me information over the phone. All the information that I get regarding my claim is sent to me via email and all it says is that it was denied, and when I try to reply I dont get a response. My account is FDIC insured and all these charges and made out of the country, by fake companies, yet despite that and all my evidence, they deny it with no explanation and I have no way of fighting their decision as I can only talk to one person about my issue. On top of that, they are extremely negligent and at this point corrupt, as half of the time I am hung up on, put on hold for over an hour just for the call to drop, or I am told simply that the customer service rep just isnt going to help me because they dont want to or they are tired of me. And there is no way to fight this as there is not a single other phone number for chime other than the customer service number. Please feel free to contact me by phone if more information is needed, I just dont know what other options I have. Thanks.",
5859,"On XX/XX/XXXX and XXXX I had XXXX taken out of my account without my authorization. I have phone alerts set up to my phone which never went off, I went to withdraw money at the ATM and it said I have reached my limit for the day, so I immediately went on my account and it said I withdrew XXXX that day.Then went on to find more was withdrawn the day before.I immediately called Bank of america, got my card canceled and a new one sent out and the remaining balance transfered to a different account so I wouldn't have any more issues, and filed a claim.I have been speaking with different people everytime I call and have been getting the run around.They have asked me to file a police report, I did that.Then I was asked to send a statement of my whereabouts that day, I did that.I keep getting denials on my claim which they are being sent out a day after every time I speak to someone on the phone so I'm not sure how it's being investigated that fast.So then I filed a complaint with this company and I received a email from a resolution specialist XXXX XXXX, asking to call her.I have called numerous times left numerous messages, no call back to this day.So I called again to the claims department and now was asked to submit the police report with a copy of my driver 's license.Which I have now done.Now I have waited a week called back again and they really nothing more to say.I have done everything they asked.I told them to look on their cameras they told me they were not working that day, which now a different person has told me they always work.So I'm not understanding why here it is XXXX and still have not received my money back.",
5870,"On XXXX XXXX, 2017 PayPal notified my wife and I via email that there was a {$150.00} payment was in pending for review and should be complete within 72 hours. The payment was sent to our account from a coworker to purchase a retirement gift for another coworker. We have made multiple request to PayPal to complete the review and release the funds by email and by phone. This has been held in pending for nearly two months and no progress or updates. Please help us with this hold up.",
5873,"At the beginning of XX/XX/2022, my Wells Fargo checking account was hacked and {$2300.00} was withdrawn by the hacker to purchase cryptocurrency in my XXXX account they then withdrew. I reported this to Wells Fargo right away and Wells Fargo notified me that they had deposited the amount back to my account. The hacker then attempted to debit {$1000.00} and {$5000.00} from my account which Wells Fargo stated they did not pay. 

However, I later discovered that Wells Fargo then reversed the {$2300.00}, {$1000.00} and {$5000.00} from my XXXX account unbeknownst to me plus another {$1300.00} and {$49.00} for accounts not mine. Wells Fargo will only state that they credited my account {$2300.00}, not that they then took {$9600.00} from XXXX which XXXX then charged to me. 

Despite repeated letters to Wells Fargo, they totally dismissed my question about these reversals and provided no answer. They told me to ask XXXX. XXXX told me to ask Wells Fargo. Wells Fargo stated that they didn't have the authority to address accounts with other institutions nor provide specifics to a "" third party ''. It is my Wells Fargo account and I am not a third party to my Wells Fargo account. The Wells Fargo representative stated that it was "" regrettable that you [ I ] may have authorized transactions that ultimately related to a fraud scheme ... '', without any explanation of what that meant. T-Mobile ported my phone number to the hacker 's phone without my knowledge. I DID NOT AUTHORIZE ANYONE TO STEAL MY PHONE NUMBER AND MY IDENTITY. Very poor and dismissive treatment by Wells Fargo for a customer who has been with them through all of their iterations for many decades. Or anyone!",
5882,"My name is XXXX XXXX XXXX, and I am writing this statement on my own behalf. I am a victim of identity theft. I am writing to compel in accordance with the Fair Credit Reporting Act Section 603 and 605A ( b ) that my report be investigated and updated as soon as possible. I have not nor authorized the receipt or distribution of any goods and/ or materials under my name. I wish to dispute these fraudulent accounts under the provisions of the law and am requesting an updated copy of my report and all pertinent information regarding this matter. 

The fraudulent accounts are as follows : XXXX XXXX, XXXX XXXX XXXX XXXX XXXX XXXX XXXX XXXX XXXX XXXX XXXX XXXX XXXX XXXX XXXX",
5885,"XXXX XXXX at XXXX I was depositing {$730.00} into a Bank of America ATM and ate my money ( it cancelled the transaction ). I checked if the money went to my account in the app, but nothing was deposited. I have called the bank and they told me options that werent needed for my problem.",
5891,Theres been multiple problems with Zelle I bank with XXXX XXXX XXXXXXXX. My information has been given out way too many times and Ive had way too many problems with theft on my account. Zelle and my bank has failed me to investigate all the way thoroughly through with my problems Ive had with losing money. There has been many times Ive lost funds trying to contact my bank and and never received my money back. There is way too many scams on here and this is not fair to us hard-working people.,
5894,I have had been a Navient student loan customer since XX/XX/2013. My total amount that I supposedly owe is through the roof. I called them several times to see if I qualified for loan forgiveness an they told me I had to make 6 months to a year worth of payments. I thought that was wrong so I called consolidating program an they told me that they have my loan on lock down because Navient was being sued. I didnt think it was fair for me to suffer to pay when them getting sued isnt my fault. Im asking this could I please have help with this matter.,
5905,"Dispute ID # XXXX CHIME VIOLATION OF REGULATION E REGARDING 10 DAY DISPUTE INVESTIGATION I am reaching out regarding chime investigation team process regarding a dispute where I was wrongfully charged on my chime card when I paid another way. It is passed the 10 day mark as of today, as I was informed by a rep that if they cant resolve the matter within 10 days I will be issued a refund this is also backed by banking law. I supplied the required documentation of the receipt that was emailed to me directly from XXXX because I no longer had the paper receipt unfortunately. 

I contacted chime customer support regarding a charge of {$500.00} at my local XXXX. I expressed to the customer support team that I did visit this XXXX location & I did pay {$500.00} but in CASH. I expressed to them that I shouldve never been charged on my card when I paid that amount in cash, to where they asked me to submit supporting documentation ( my receipt ) for proof to help get my money refunded. I submitted a copy of receipt that I received from XXXX corporate because I contacted them as well and theyre well aware of what has transpired, the receipt shows clear as day my way of paying for the transaction was in CASH. I have contacted chime support asking what is the hold up I showed proof that I paid in cash, and basically I havent received any answers as to the lack of urgency chime investigation team has shown to my concerns. 

I will also attach proof of receipt within this email. Hopefully to be refunded the amount of money I was wrongfully charged on my card. Please and thank you. 

I am wanting to get this matter resolved rather than taking legal alternatives but if legal alternatives is the only option for my concerns to be resolved, I will take that route. This is my umpteenth time attempting to contact CHIME with no response or explanation which is very derogatory. Which is why I am filing this complaint with the CFPB.",
5908,"I have had my mortgage with Freedom Mortgage since XXXXXXXX XXXX XXXX They take my payment each month and are supposed to distribute funds to my escrow account and pay for insurance, property taxes. They have been making mistakes left and right and have caused an escrow shortage for my account. They just sent {$1500.00} to either XXXX XXXX insurance or XXXX. I have called several times to find out what happened and also to talk with a member from leadership. But the leadership and manager in charge of escrow talked privately. They decided on their own that the XXXX was not sent to anyone. And they left me on the phone on hold for 45 minutes. When they should have been discussing this problem with me the customer to find out where my money disappeared. I no longer trust them with my money or any future business interactions. I want a complaint filed asap. No wonder, they have a rating of 1.7 which clearly puts them into a poor management of the people 's hard owned money to do with whatever they want. I thought this was about earning my business and trust. This company has a rating of 0 from me. If anyone gets a mortgage please do not let Freedom Mortgage handle your mortgage.",
5912,"I am filing a complaint against Equifax for failing to propery investigate my disputes regarding inaccuracies in my credit report. 
Despite my submissions, Equifax consistently responds within XXXX hours stating the account is accurate, without providing any evidence of a thorough investigation. 
This practice violates the Fair Credit Reporting Act ( FCRA ), 15 U.S.C. 1681i, which mandates a reasonable investigation of disputes. Furthermore, Equifax 's actions may also contravene the Consumer Financial Protection Act ( CFPA ), 12 U.S.C.

5536 ( a ) ( 1 ) ( A ) - ( B ), as highlighted in the CFPB 's recent administrative proceeding ( File No. XXXX ) against them for similar violations. I request that the CFPB take action to ensure Equifax complies with federal law and provides consumers with the necessary proof of investigation.",
5925,"At XXXXXXXX XXXX I received a XXXX for XXXX from my employer to pay a contractor less than two hours later at XXXX I receive an email from Capital One that my account is being closed and my funds are unable to be withdrawn, I am at the verge of losing my job due to Capital One, failing to provide the services necessary by any bank. I am extremely displeased with the services that they have provided with me. Ive called the branch over six times and they have given me the only option of flying across the country from California to New York to withdraw the cash in person. This is going to cause me to lose my job due to the neglect and failures of capital one as a bank.",
5935,"And XX/XX/2019 I deposited {$29000.00} into SunTrust bank account. SunTrust was not able to give me the lawful money from open account as requested. I was not giving full disclosure of, it came to my attention sun trust fractionalized money is in my account, I never consented to loans to customers are fractionalization of my money.",
5936,"First National Bank of Omaha ( XXXX ) has a BP credit card ( XXXX XXXX ), that my parents have been a member of for the better part of XXXX  years. 

I applied for my own card XXXX months ago and was approved and used the card for that amount of time. A hold was placed on my account, I called and they claimed that they randomly choose accounts to put a hold on and have an employee review them, then take them off after. I asked to have the hold removed and they said they could not move any faster than whoever was tasked to reviewing my account. 

XXXX weeks went by and my card was still on hold, they never emailed me, messaged me, or contacted me at any point about the hold, I had to call them. 

They then mailed me a letter saying my account is closed because of unnecessary risk and exposure to the bank. I have never missed a payment, always paid the entire balance weeks before the due date. This is unacceptable and terrible business operations, my credit score will take a hit as a closed account will be reported, I need answers as they claim they can not re-open the account.",
5943,"We were sent a wire transfer by XXXX of our customers on XX/XX/year> before the wire transfer cutoff time ( Domestic transfers ). The confirmation was provided by the customer. The transfer was to buy the parts required to repair the customers aircraft ( XXXX XXXX commercial aircraft ). The wire transfer was not received on Wednesday, and since Thursday XX/XX/year> was XXXX day, we were forced to wait until Friday XX/XX/year>. The wire was still not received in the account by then, so I attempted on numerous occasions to contact Bank of America to have the wire processed. I was repeatedly transferred between departments and after sitting on hold for XXXX minutes and the recording stating please hold for the next advisor, the system each time would play a recording at XXXX minutes stating all agents were busy please call back later and hang up. I would then call back and repeat the process. This occurred XXXX  times. There was never a resolution received, no information provided, and the wire not posted as of XXXX XXXX  Friday XX/XX/year>. This is the second XXXX Bank of America has done this with the same customer. On Wednesday, XX/XX/year> a wire transfer was received from XXXX of our other customers and appeared in the account XXXX after the customer provided us the confirmation. Not receiving this wire transfer has resulted in XXXX major items ( and numerous smaller items ) : XXXX. XXXX of the parts being purchased was sold, due to non-execution of the purchase order resulting in having to buy another part which was {$30000.00} more expensive XXXX. Customer has cancelled the contract with us for a total of XXXX aircraft, due to lack of confidence, resulting in a loss of {$860000.00} in future income XXXX. The loss of XXXX  day of possible work for myself, by having to remain on the phone with Bank of America for XXXX hours. My labor is billed at {$3000.00} per day.",
5951,"I spoke with experian today and they told me that they dont need proof or my signature or any documents to report negative or any inaccuracies. Pursuant to 15 USC 1681 and Title 15 chapter 94 Experian, XXXX and XXXX are in violation of my rights and my privacy. I did not give any of these reporting agencies any permissions at all. I feel violated and stripped of my rights.",
5959,"I discontinued service with XXXX and transferred to a different carrier on XXXX XXXX, 2015. On XXXX/XXXX/15, eight days later, XXXX referred my account to a collection agency before I even received the final bill from XXXX!! Collection notice was sent to me on XXXX/XXXX/15 threatening to take action.",
5960,The year account was opened my identification documents had been stolen also I was not opened by myself. I was living in a different state at the time account was opened.Theyre trying to collect {$240.00},
5961,"I had 2 accounts with Goldman Sacs when the pandemic happened. After non-payment for a few months, I was contacted by Goldman Sacs with a procedure to get the accounts current. After the first loan was updated, the Goldman Sacs representative stated that they could update the other account also. So, on XX/XX/2020 I made a payment of {$250.00} to both accounts. This was supposed to bring both accounts current. The following month I received a call from their collection department for payment on the 2nd account. I was informed that they could only update one account and the second account was still past due. Until the pandemic, all payments were made on both accounts in a timely manner. Now I was skeptical because of their questionable practices. They turned me over to a collection agency who wanted me to pay them {$4000.00} to set up a payment plan. I did not have that much money to do that at the time. They garnished my checking account and my college son 's account as I am a signer on his account because we opened it when he was underage. I have made an arrangement with the collection agency but I just want to report their questionable practices.",
5966,We asked them to defer to payments because the vehicle that we have XX/XX/year> XXXX XXXX was messed up we had to put XXXX engines in it they deferred XXXX payment then they deferred XXXX more payment but when we had to get out in tank dropped and a few module replaced and asked them to defer that payment they would not they said they did it within they said we still owed a back payment which if they had deferred it they wouldn't be no back payment but therefore we asked of them to defer the payment again and they still wouldn't wish put us behind we can't even drive a vehicle and still have to make payments on it,
5990,"Capital One is not providing access to our direct deposits, which is causing fees for late bills. We can not get through to anyone, and they just keep posting that it's a technical issue, with no information on when we will receive our money or if they'll provide compensation for late fees.",
5992,"In the quiet humdrum of everyday life, a sudden jolt shattered the tranquility : I had become a victim of identity theft. Like a thief in the night, unseen hands had stolen my personal information, plunging me into a bewildering maze of uncertainty. With each fraudulent transaction and unauthorized account, the breach of trust cut deep, leaving me grappling with the unsettling reality of a violated identity. Yet, in the midst of chaos, a glimmer of resilience emerged, a resolve to reclaim what was rightfully mine and restore the harmony stolen by unseen adversaries. These are the following accounts need to be removed : Account Name : XXXX XXXX XXXX XXXX XXXX XXXX XXXX XXXX XXXX XXXX XXXX XXXX XXXX XXXX XXXX XXXX XXXX XXXX XXXX XXXX XXXX XXXX XXXX XXXX XXXX XXXX XXXX XXXX, and so on.",
5996,"On  XXXX    XXXX  ,2017 I put in a request for my information to be updated so I could receive a Ac cess Code to send money using wells Fargo sure pay. I rec eived the email stated that my information has been updated and to allow time to receive code. I called on  XXXX   XXXX ,    2017  to get the code and they advised me the ticket was never put in and I would have to wait for another ticket to go in. I was  on the phone with three different representatives for almost 50 minutes just for them to tell me I still hav e to wait. This is BAD SERVICE and it is UNACCEPTABLE!! Clearly, some additional training is needed because work orders are not being handle properly! I feel my business at the bank is not being taking seriously and will be closing this company 's account. I AM TRULY UNSATISFIED WITH THIS COMPANY!!!!",
